[2026-06-30 08:07:08] INFO: Server running on port 5000
[2026-06-30 08:10:44] INFO: Server running on port 5000
[2026-06-30 08:10:59] INFO: Server running on port 5000
[2026-06-30 08:11:52] INFO: Server running on port 5000
[2026-06-30 08:12:15] INFO: Server running on port 5000
[2026-06-30 08:12:19] INFO: Server running on port 5000
[2026-06-30 08:15:11] INFO: GET /api/services 200 536.504 ms - 5076 bytes
[2026-06-30 08:15:25] INFO: GET /api/categories 200 151.278 ms - 1145 bytes
[2026-06-30 08:15:44] INFO: POST /api/auth/login 200 436.714 ms - 216 bytes
[2026-06-30 08:16:09] INFO: POST /api/auth/login 200 378.426 ms - 216 bytes
[2026-06-30 09:36:26] INFO: Server running on port 5000
[2026-06-30 09:37:13] INFO: Server running on port 5000
[2026-06-30 09:39:54] INFO: Server running on port 5000
[2026-06-30 09:44:42] INFO: Server running on port 5000
[2026-06-30 09:46:17] INFO: Server running on port 5000
[2026-06-30 09:46:43] INFO: GET /api/services/123 500 25.501 ms - 123 bytes
[2026-06-30 10:07:12] INFO: Server running on port 5000
[2026-06-30 10:09:09] INFO: Server running on port 5000
[2026-06-30 10:09:29] INFO: Server running on port 5000
[2026-06-30 10:09:46] INFO: Server running on port 5000
[2026-06-30 10:09:55] INFO: Server running on port 5000
[2026-06-30 10:10:08] INFO: Server running on port 5000
[2026-06-30 10:11:44] INFO: Server running on port 5000
[2026-06-30 10:11:54] INFO: Server running on port 5000
[2026-06-30 10:11:56] INFO: Server running on port 5000
[2026-06-30 10:12:28] INFO: Server running on port 5000
[2026-06-30 10:12:34] INFO: Server running on port 5000
[2026-06-30 10:12:56] INFO: Server running on port 5000
[2026-06-30 10:13:01] INFO: Server running on port 5000
[2026-06-30 10:13:09] INFO: Server running on port 5000
[2026-06-30 10:13:18] INFO: Server running on port 5000
[2026-06-30 10:13:24] INFO: Server running on port 5000
[2026-06-30 10:13:32] INFO: Server running on port 5000
[2026-06-30 10:13:40] INFO: Server running on port 5000
[2026-06-30 10:13:56] INFO: Server running on port 5000
[2026-06-30 10:13:59] INFO: Server running on port 5000
[2026-06-30 10:14:39] INFO: GET /api/services 200 571.653 ms - 5076 bytes
[2026-06-30 10:14:48] ERROR: CastError: Cast to ObjectId failed for value "123" (type string) at path "_id" for model "Service"
    at SchemaObjectId.cast (D:\Project Sphere\Project-Sphere\backend\node_modules\mongoose\lib\schema\objectId.js:252:11)
    at SchemaType.applySetters (D:\Project Sphere\Project-Sphere\backend\node_modules\mongoose\lib\schemaType.js:1373:12)
    at SchemaType.castForQuery (D:\Project Sphere\Project-Sphere\backend\node_modules\mongoose\lib\schemaType.js:1793:17)
    at cast (D:\Project Sphere\Project-Sphere\backend\node_modules\mongoose\lib\cast.js:386:32)
    at Query.cast (D:\Project Sphere\Project-Sphere\backend\node_modules\mongoose\lib\query.js:5228:12)
    at Query._castConditions (D:\Project Sphere\Project-Sphere\backend\node_modules\mongoose\lib\query.js:2411:10)
    at model.Query._findOne (D:\Project Sphere\Project-Sphere\backend\node_modules\mongoose\lib\query.js:2758:8)
    at maybeTracedQueryExec (D:\Project Sphere\Project-Sphere\backend\node_modules\mongoose\lib\query.js:4801:83)
    at process.processTicksAndRejections (node:internal/process/task_queues:95:5)
    at async getServiceById (D:\Project Sphere\Project-Sphere\backend\controllers\serviceController.js:128:21)
[2026-06-30 10:14:48] INFO: GET /api/services/123 400 11.836 ms - 49 bytes
[2026-06-30 10:57:33] INFO: Server running on port 5000
[2026-06-30 10:58:12] INFO: Server running on port 5000
[2026-06-30 10:58:21] INFO: Server running on port 5000
[2026-06-30 10:58:25] INFO: Server running on port 5000
[2026-06-30 10:58:29] INFO: Server running on port 5000
[2026-06-30 10:58:32] INFO: Server running on port 5000
[2026-06-30 11:01:12] INFO: Server running on port 5000
[2026-06-30 11:03:53] INFO: Server running on port 5000
[2026-06-30 11:11:38] INFO: Server running on port 5000
[2026-06-30 11:12:17] INFO: Server running on port 5000
[2026-06-30 11:12:22] INFO: Server running on port 5000
[2026-06-30 11:12:27] INFO: Server running on port 5000
[2026-06-30 11:12:39] INFO: Server running on port 5000
[2026-06-30 11:12:45] INFO: Server running on port 5000
[2026-06-30 11:13:07] INFO: Server running on port 5000
[2026-06-30 11:14:14] INFO: Server running on port 5000
[2026-06-30 11:14:25] INFO: Server running on port 5000
[2026-06-30 11:14:47] INFO: Server running on port 5000
[2026-06-30 11:14:54] INFO: Server running on port 5000
[2026-06-30 11:15:01] INFO: Server running on port 5000
[2026-06-30 11:15:16] INFO: Server running on port 5000
[2026-06-30 11:15:24] INFO: Server running on port 5000
[2026-06-30 11:15:38] INFO: Server running on port 5000
[2026-06-30 11:22:34] INFO: Server running on port 5000
[2026-06-30 11:22:53] INFO: Server running on port 5000
[2026-06-30 11:23:02] INFO: Server running on port 5000
[2026-06-30 11:23:07] INFO: Server running on port 5000
[2026-06-30 11:25:14] INFO: Server running on port 5000
[2026-06-30 11:25:18] INFO: Server running on port 5000
[2026-06-30 11:27:45] INFO: Server running on port 5000
[2026-06-30 11:29:51] INFO: Server running on port 5000
[2026-06-30 11:30:03] INFO: Server running on port 5000
[2026-06-30 11:30:11] INFO: Server running on port 5000
[2026-06-30 11:30:22] INFO: Server running on port 5000
[2026-06-30 11:30:27] INFO: Server running on port 5000
[2026-06-30 11:30:38] INFO: Server running on port 5000
[2026-06-30 11:30:46] INFO: Server running on port 5000
[2026-06-30 11:30:54] INFO: Server running on port 5000
[2026-06-30 11:31:35] INFO: Server running on port 5000
[2026-06-30 11:31:46] INFO: Server running on port 5000
[2026-06-30 11:36:26] INFO: Server running on port 5000
[2026-06-30 11:36:29] INFO: Server running on port 5000
[2026-06-30 11:36:33] INFO: Server running on port 5000
[2026-06-30 11:39:47] INFO: Server running on port 5000
[2026-06-30 11:40:46] INFO: Server running on port 5000
[2026-06-30 11:40:52] INFO: Server running on port 5000
[2026-06-30 11:41:00] INFO: Server running on port 5000
[2026-06-30 11:41:05] INFO: Server running on port 5000
[2026-06-30 11:41:22] INFO: Server running on port 5000
[2026-06-30 11:41:29] INFO: Server running on port 5000
[2026-06-30 11:41:33] INFO: Server running on port 5000
[2026-06-30 11:41:45] INFO: Server running on port 5000
[2026-06-30 11:44:10] INFO: Server running on port 5000
[2026-06-30 11:44:17] INFO: Server running on port 5000
[2026-06-30 11:44:25] INFO: Server running on port 5000
[2026-06-30 11:44:35] INFO: Server running on port 5000
[2026-06-30 11:44:42] INFO: Server running on port 5000
[2026-06-30 11:44:51] INFO: Server running on port 5000
[2026-06-30 11:44:58] INFO: Server running on port 5000
[2026-06-30 11:45:07] INFO: Server running on port 5000
[2026-06-30 11:53:19] INFO: Server running on port 5000
[2026-06-30 11:53:23] INFO: Server running on port 5000
[2026-06-30 11:53:29] INFO: Server running on port 5000
[2026-06-30 11:53:39] INFO: Server running on port 5000
[2026-06-30 11:53:43] INFO: Server running on port 5000
[2026-06-30 11:54:31] INFO: Server running on port 5000
[2026-06-30 11:56:12] INFO: Server running on port 5000
[2026-06-30 11:56:35] INFO: Server running on port 5000
[2026-06-30 11:57:01] INFO: Server running on port 5000
[2026-06-30 11:57:15] INFO: Server running on port 5000
[2026-06-30 11:57:42] INFO: Server running on port 5000
[2026-06-30 12:06:51] INFO: Server running on port 5000
[2026-06-30 12:07:21] INFO: Server running on port 5000
[2026-06-30 12:11:15] INFO: Server running on port 5000
[2026-06-30 12:12:13] INFO: POST /api/auth/login 200 434.667 ms - 216 bytes
[2026-06-30 12:17:20] INFO: Server running on port 5000
[2026-06-30 12:17:34] INFO: Server running on port 5000
[2026-06-30 12:18:35] INFO: Server running on port 5000
[2026-06-30 12:18:50] INFO: Server running on port 5000
[2026-06-30 12:18:58] INFO: Server running on port 5000
[2026-06-30 12:20:02] INFO: Server running on port 5000
[2026-06-30 12:21:00] INFO: Server running on port 5000
[2026-06-30 12:21:32] INFO: POST /api/auth/login 200 414.919 ms - 216 bytes
[2026-06-30 12:21:42] INFO: GET /api-docs 301 9.044 ms - 158 bytes
[2026-06-30 12:21:42] INFO: GET /api-docs/ 304 9.437 ms - - bytes
[2026-06-30 12:21:43] INFO: GET /api-docs/swagger-ui.css 304 3.887 ms - - bytes
[2026-06-30 12:21:43] INFO: GET /api-docs/swagger-ui-init.js 304 0.874 ms - - bytes
[2026-06-30 12:21:43] INFO: GET /api-docs/swagger-ui-standalone-preset.js 304 7.086 ms - - bytes
[2026-06-30 12:21:43] INFO: GET /api-docs/swagger-ui-bundle.js 304 6.919 ms - - bytes
[2026-06-30 12:21:49] INFO: GET /api-docs/ 304 3.552 ms - - bytes
[2026-06-30 12:21:49] INFO: GET /api-docs/swagger-ui.css 304 2.092 ms - - bytes
[2026-06-30 12:21:49] INFO: GET /api-docs/swagger-ui-bundle.js 304 3.838 ms - - bytes
[2026-06-30 12:21:49] INFO: GET /api-docs/swagger-ui-init.js 304 1.061 ms - - bytes
[2026-06-30 12:21:49] INFO: GET /api-docs/swagger-ui-standalone-preset.js 304 6.424 ms - - bytes
[2026-06-30 12:21:50] INFO: GET /api-docs/favicon-32x32.png 304 2.480 ms - - bytes
[2026-06-30 12:22:17] INFO: GET /api/services 200 603.554 ms - 5076 bytes
[2026-07-01 08:42:42] INFO: Server running on port 5000
[2026-07-01 09:10:07] INFO: Server running on port 5000
[2026-07-01 09:18:55] INFO: Server running on port 5000 (development)
[2026-07-01 09:21:03] INFO: POST /api/auth/login 200 479.077 ms - 216 bytes
[2026-07-01 09:21:17] INFO: GET /api/services 200 484.154 ms - 5076 bytes
[2026-07-01 09:21:30] INFO: GET /api/categories 200 163.583 ms - 1145 bytes
[2026-07-01 09:21:51] INFO: GET /api-docs/ 304 16.287 ms - - bytes
[2026-07-01 09:21:51] INFO: GET /api-docs/swagger-ui.css 304 7.852 ms - - bytes
[2026-07-01 09:21:51] INFO: GET /api-docs/swagger-ui-bundle.js 304 13.860 ms - - bytes
[2026-07-01 09:21:51] INFO: GET /api-docs/swagger-ui-standalone-preset.js 304 6.050 ms - - bytes
[2026-07-01 09:21:51] INFO: GET /api-docs/swagger-ui-init.js 304 1.228 ms - - bytes
[2026-07-01 09:28:09] INFO: Server running on port 5000 (development)
[2026-07-01 09:29:09] INFO: GET /api/services 200 533.163 ms - 5076 bytes
[2026-07-01 09:30:22] INFO: GET /api-docs/swagger-ui.css 304 6.869 ms - - bytes
[2026-07-01 09:30:22] INFO: GET /.well-known/appspecific/com.chrome.devtools.json 404 3.136 ms - 187 bytes
[2026-07-01 09:30:24] INFO: GET /api-docs/swagger-ui.css.map 200 77.790 ms - 279978 bytes
[2026-07-01 09:30:39] INFO: GET /api-docs/ 304 4.669 ms - - bytes
[2026-07-01 09:30:39] INFO: GET /api-docs/swagger-ui.css 304 6.897 ms - - bytes
[2026-07-01 09:30:39] INFO: GET /api-docs/swagger-ui-bundle.js 304 9.431 ms - - bytes
[2026-07-01 09:30:39] INFO: GET /api-docs/swagger-ui-standalone-preset.js 304 2.172 ms - - bytes
[2026-07-01 09:30:39] INFO: GET /api-docs/swagger-ui-init.js 304 0.970 ms - - bytes
[2026-07-01 09:30:39] INFO: GET /.well-known/appspecific/com.chrome.devtools.json 404 1.135 ms - 187 bytes
[2026-07-01 09:30:40] INFO: GET /api-docs/swagger-ui.css.map 304 1.450 ms - - bytes
[2026-07-01 09:30:42] INFO: GET /api-docs/favicon-32x32.png 304 3.803 ms - - bytes
[2026-07-01 09:35:44] INFO: GET /api/services 200 462.174 ms - 5076 bytes
[2026-07-01 09:35:45] INFO: GET /favicon.ico 404 4.711 ms - 150 bytes
[2026-07-01 09:36:05] INFO: GET /.well-known/appspecific/com.chrome.devtools.json 404 0.906 ms - 187 bytes
[2026-07-01 09:36:11] INFO: GET /api/services 304 473.370 ms - - bytes
[2026-07-01 09:36:11] INFO: GET /.well-known/appspecific/com.chrome.devtools.json 404 1.750 ms - 187 bytes
[2026-07-01 10:11:05] INFO: Server running on port 5000 (development)
[2026-07-01 10:11:21] INFO: Server running on port 5000 (development)
[2026-07-01 10:18:55] INFO: Server running on port 5000 (development)
[2026-07-01 10:19:23] INFO: GET /api/services 304 556.340 ms - - bytes
[2026-07-01 10:19:34] INFO: GET /.well-known/appspecific/com.chrome.devtools.json 404 5.260 ms - 187 bytes
[2026-07-01 10:19:36] INFO: GET /api/services 304 464.121 ms - - bytes
[2026-07-01 10:19:36] INFO: GET /.well-known/appspecific/com.chrome.devtools.json 404 1.243 ms - 187 bytes
[2026-07-01 10:21:06] INFO: Server running on port 5000 (development)
[2026-07-01 10:24:26] INFO: GET /api/services 200 586.642 ms - - bytes
[2026-07-01 10:24:26] INFO: GET /.well-known/appspecific/com.chrome.devtools.json 404 4.238 ms - - bytes
[2026-07-01 10:24:26] INFO: GET /favicon.ico 404 2.733 ms - - bytes
[2026-07-01 10:25:14] INFO: GET /api/services 200 599.821 ms - - bytes
[2026-07-01 10:46:02] INFO: Server running on port 5000 (development)
[2026-07-01 10:49:43] INFO: Server running on port 5000 (development)
[2026-07-01 10:49:52] INFO: Server running on port 5000 (development)
[2026-07-01 10:50:29] INFO: Server running on port 5000 (development)
[2026-07-01 10:50:44] INFO: Server running on port 5000 (development)
[2026-07-01 10:50:48] INFO: Server running on port 5000 (development)
[2026-07-01 10:51:11] INFO: Server running on port 5000 (development)
[2026-07-01 10:51:26] INFO: Server running on port 5000 (development)
[2026-07-01 10:51:32] INFO: Server running on port 5000 (development)
[2026-07-01 10:51:37] INFO: Server running on port 5000 (development)
[2026-07-01 10:51:40] INFO: Server running on port 5000 (development)
[2026-07-01 10:52:49] INFO: Server running on port 5000 (development)
[2026-07-01 10:52:57] INFO: Server running on port 5000 (development)
[2026-07-01 10:53:02] INFO: Server running on port 5000 (development)
[2026-07-01 10:56:45] INFO: Server running on port 5000 (development)
[2026-07-01 10:57:03] INFO: Server running on port 5000 (development)
[2026-07-01 10:57:19] INFO: Server running on port 5000 (development)
[2026-07-01 10:57:28] INFO: Server running on port 5000 (development)
[2026-07-01 10:57:36] INFO: Server running on port 5000 (development)
[2026-07-01 10:57:45] INFO: Server running on port 5000 (development)
[2026-07-01 10:57:53] INFO: Server running on port 5000 (development)
[2026-07-01 10:57:57] INFO: Server running on port 5000 (development)
[2026-07-01 10:58:03] INFO: Server running on port 5000 (development)
[2026-07-01 10:58:10] INFO: Server running on port 5000 (development)
[2026-07-01 11:01:08] INFO: Server running on port 5000 (development)
[2026-07-01 11:01:12] INFO: Server running on port 5000 (development)
[2026-07-01 11:02:42] INFO: Server running on port 5000 (development)
[2026-07-01 11:10:21] INFO: Server running on port 5000 (development)
[2026-07-01 11:13:26] INFO: Server running on port 5000 (development)
[2026-07-01 11:16:23] INFO: Server running on port 5000 (development)
[2026-07-01 11:17:11] INFO: Server running on port 5000 (development)
[2026-07-01 11:38:07] INFO: Server running on port 5000 (development)
[2026-07-01 11:39:14] INFO: Server running on port 5000 (development)
[2026-07-01 11:39:29] INFO: Server running on port 5000 (development)
[2026-07-01 11:40:40] INFO: Server running on port 5000 (development)
[2026-07-01 11:40:52] INFO: Server running on port 5000 (development)
[2026-07-01 11:42:00] INFO: Server running on port 5000 (development)
[2026-07-01 11:43:27] INFO: Server running on port 5000 (development)
[2026-07-01 11:44:23] INFO: Server running on port 5000 (development)
[2026-07-01 11:59:36] INFO: Server running on port 5000 (development)
[2026-07-01 11:59:39] INFO: Server running on port 5000 (development)
[2026-07-01 13:02:58] INFO: Server running on port 5000 (development)
[2026-07-02 01:00:33] INFO: Server running on port 5000 (development)
[2026-07-02 01:01:25] INFO: Server running on port 5000 (development)
[2026-07-02 01:01:50] INFO: Server running on port 5000 (development)
[2026-07-02 01:02:01] INFO: Server running on port 5000 (development)
[2026-07-02 01:02:06] INFO: Server running on port 5000 (development)
[2026-07-02 01:02:16] INFO: Server running on port 5000 (development)
[2026-07-02 01:02:19] INFO: Server running on port 5000 (development)
[2026-07-02 01:02:24] INFO: Server running on port 5000 (development)
[2026-07-02 01:02:31] INFO: Server running on port 5000 (development)
[2026-07-02 01:05:31] INFO: Server running on port 5000 (development)
[2026-07-02 01:05:34] INFO: Server running on port 5000 (development)
[2026-07-02 01:12:30] INFO: Server running on port 5000 (development)
[2026-07-02 01:13:08] INFO: Server running on port 5000 (development)
[2026-07-02 01:14:20] INFO: Server running on port 5000 (development)
[2026-07-02 01:14:24] INFO: Server running on port 5000 (development)
[2026-07-02 01:14:34] INFO: Server running on port 5000 (development)
[2026-07-02 01:14:46] INFO: Server running on port 5000 (development)
[2026-07-02 01:14:49] INFO: Server running on port 5000 (development)
[2026-07-02 01:32:53] INFO: Server running on port 5000 (development)
[2026-07-02 01:33:13] INFO: Server running on port 5000 (development)
[2026-07-02 01:33:34] INFO: Server running on port 5000 (development)
[2026-07-02 01:33:38] INFO: Server running on port 5000 (development)
[2026-07-02 01:33:56] INFO: Server running on port 5000 (development)
[2026-07-02 01:34:12] INFO: Server running on port 5000 (development)
[2026-07-02 01:34:24] INFO: Server running on port 5000 (development)
[2026-07-02 01:34:55] INFO: GET /api/services 200 623.358 ms - - bytes
[2026-07-02 01:38:43] INFO: POST /api/auth/login 200 395.122 ms - - bytes
[2026-07-02 01:38:57] INFO: GET /api/services 200 621.930 ms - - bytes
[2026-07-02 01:48:22] INFO: Server running on port 5000 (development)
[2026-07-02 09:25:27] INFO: Server running on port 5000 (development)
[2026-07-02 09:27:26] INFO: GET /api/services 200 1128.287 ms - - bytes
[2026-07-02 09:28:31] INFO: GET /api-docs 301 11.423 ms - - bytes
[2026-07-02 09:28:31] INFO: GET /api-docs/ 304 4.973 ms - - bytes
[2026-07-02 09:28:31] INFO: GET /api-docs/swagger-ui.css 304 6.141 ms - - bytes
[2026-07-02 09:28:31] INFO: GET /api-docs/swagger-ui-bundle.js 304 10.144 ms - - bytes
[2026-07-02 09:28:31] INFO: GET /api-docs/swagger-ui-standalone-preset.js 304 7.027 ms - - bytes
[2026-07-02 09:28:31] INFO: GET /api-docs/swagger-ui-init.js 304 1.796 ms - - bytes
[2026-07-02 09:31:21] INFO: POST /api/auth/login 400 444.804 ms - - bytes
[2026-07-02 09:31:51] INFO: POST /api/auth/login 200 362.820 ms - - bytes
[2026-07-02 09:35:27] INFO: GET /api/categories 200 129.914 ms - - bytes
[2026-07-02 09:36:34] INFO: POST /api/services 401 27.238 ms - - bytes
[2026-07-02 09:39:20] INFO: POST /api/services 401 44.405 ms - - bytes
[2026-07-02 23:51:41] INFO: Server running on port 5000 (development)
[2026-07-02 23:52:21] INFO: POST /api/auth/login 200 463.576 ms - - bytes
[2026-07-02 23:53:30] INFO: GET /api/categories 304 205.631 ms - - bytes
[2026-07-02 23:54:09] INFO: POST /api/services 201 458.618 ms - - bytes
[2026-07-03 00:01:32] INFO: Server running on port 5000 (development)
[2026-07-03 00:01:54] INFO: Server running on port 5000 (development)
[2026-07-03 00:02:00] INFO: Server running on port 5000 (development)
[2026-07-03 00:02:04] INFO: Server running on port 5000 (development)
[2026-07-03 00:02:08] INFO: Server running on port 5000 (development)
[2026-07-03 00:02:13] INFO: Server running on port 5000 (development)
[2026-07-03 00:03:34] INFO: Server running on port 5000 (development)
[2026-07-03 00:03:39] INFO: Server running on port 5000 (development)
[2026-07-03 00:03:44] INFO: Server running on port 5000 (development)
[2026-07-03 00:11:15] INFO: Server running on port 5000 (development)
[2026-07-03 00:11:30] INFO: Server running on port 5000 (development)
[2026-07-03 00:11:34] INFO: Server running on port 5000 (development)
[2026-07-03 00:27:23] INFO: Server running on port 5000 (development)
[2026-07-03 00:28:03] INFO: Server running on port 5000 (development)
[2026-07-03 00:30:30] INFO: Server running on port 5000 (development)
[2026-07-03 00:30:34] INFO: Server running on port 5000 (development)
[2026-07-03 00:30:44] INFO: Server running on port 5000 (development)
[2026-07-03 00:30:48] INFO: Server running on port 5000 (development)
[2026-07-03 00:31:42] INFO: Server running on port 5000 (development)
[2026-07-03 00:31:57] INFO: Server running on port 5000 (development)
[2026-07-03 00:32:04] INFO: Server running on port 5000 (development)
[2026-07-03 00:32:46] INFO: Server running on port 5000 (development)
[2026-07-03 00:33:14] INFO: Server running on port 5000 (development)
[2026-07-03 00:33:17] INFO: Server running on port 5000 (development)
[2026-07-03 00:33:26] INFO: Server running on port 5000 (development)
[2026-07-03 00:33:47] INFO: Server running on port 5000 (development)
[2026-07-03 00:33:52] INFO: Server running on port 5000 (development)
[2026-07-03 00:33:56] INFO: Server running on port 5000 (development)
[2026-07-03 00:44:57] INFO: POST /api/services 400 44.439 ms - - bytes
[2026-07-03 00:45:02] INFO: GET /api/services 200 533.198 ms - - bytes
[2026-07-03 01:22:50] INFO: Server running on port 5000 (development)
[2026-07-03 01:22:56] INFO: GET /api-docs/ 304 13.183 ms - - bytes
[2026-07-03 01:22:56] INFO: GET /api-docs/swagger-ui.css 304 8.869 ms - - bytes
[2026-07-03 01:22:56] INFO: GET /api-docs/swagger-ui-bundle.js 304 8.159 ms - - bytes
[2026-07-03 01:22:56] INFO: GET /api-docs/swagger-ui-init.js 304 1.365 ms - - bytes
[2026-07-03 01:22:56] INFO: GET /api-docs/swagger-ui-standalone-preset.js 304 10.889 ms - - bytes
[2026-07-03 01:22:59] INFO: GET /api-docs/favicon-32x32.png 304 2.299 ms - - bytes
[2026-07-03 01:25:36] INFO: Server running on port 5000 (development)
[2026-07-03 01:25:49] INFO: Server running on port 5000 (development)
[2026-07-03 01:26:04] INFO: Server running on port 5000 (development)
[2026-07-03 01:26:40] INFO: GET / 200 6.015 ms - - bytes
[2026-07-03 01:27:52] INFO: GET / 200 3.812 ms - - bytes
[2026-07-03 01:35:19] INFO: GET / 200 6.395 ms - - bytes
[2026-07-03 01:53:16] INFO: GET / 200 3.686 ms - - bytes
[2026-07-05 22:19:16] INFO: POST /api/auth/register 201 388.856 ms - - bytes
[2026-07-05 22:26:48] INFO: POST /api/auth/register 201 374.432 ms - - bytes
[2026-07-05 22:29:59] INFO: POST /api/auth/register 201 327.488 ms - - bytes
[2026-07-05 22:30:00] INFO: POST /api/auth/register 201 225.444 ms - - bytes
[2026-07-05 22:30:00] INFO: POST /api/auth/register 400 13.012 ms - - bytes
[2026-07-05 22:30:00] INFO: POST /api/auth/register 201 206.395 ms - - bytes
[2026-07-05 22:30:00] INFO: POST /api/auth/login 200 214.489 ms - - bytes
[2026-07-05 22:30:00] INFO: POST /api/auth/register 429 3.221 ms - - bytes
[2026-07-05 22:30:00] INFO: POST /api/auth/login 429 1.250 ms - - bytes
[2026-07-05 22:30:00] INFO: POST /api/auth/login 429 1.066 ms - - bytes
[2026-07-05 22:41:14] INFO: POST /api/auth/register 201 352.724 ms - - bytes
[2026-07-05 22:41:15] INFO: POST /api/auth/register 201 199.867 ms - - bytes
[2026-07-05 22:41:15] INFO: POST /api/auth/register 400 8.161 ms - - bytes
[2026-07-05 22:52:35] INFO: POST /api/auth/register 201 332.330 ms - - bytes
[2026-07-05 22:52:36] INFO: POST /api/auth/register 201 217.916 ms - - bytes
[2026-07-05 22:52:36] INFO: POST /api/auth/register 400 9.380 ms - - bytes
[2026-07-05 22:56:43] INFO: POST /api/auth/register 201 376.101 ms - - bytes
[2026-07-05 22:56:44] INFO: POST /api/auth/register 201 234.083 ms - - bytes
[2026-07-05 22:56:44] INFO: POST /api/auth/register 400 16.444 ms - - bytes
[2026-07-05 22:56:44] INFO: POST /api/auth/register 201 182.869 ms - - bytes
[2026-07-05 22:56:44] INFO: POST /api/auth/login 200 198.953 ms - - bytes
[2026-07-05 22:56:44] INFO: POST /api/auth/register 429 2.150 ms - - bytes
[2026-07-05 22:56:44] INFO: POST /api/auth/login 429 1.387 ms - - bytes
[2026-07-05 22:56:44] INFO: POST /api/auth/login 429 1.136 ms - - bytes
[2026-07-17 22:08:23] INFO: POST /api/auth/register 201 469.649 ms - - bytes
[2026-07-17 22:08:23] INFO: POST /api/auth/register 201 228.706 ms - - bytes
[2026-07-17 22:08:23] INFO: POST /api/auth/register 400 30.661 ms - - bytes
[2026-07-17 22:08:23] ERROR: ValidationError: User validation failed: email: Path `email` is required.
    at model.validate (D:\Project Sphere\Project-Sphere\backend\node_modules\mongoose\lib\document.js:2864:36)
    at model.$__save (D:\Project Sphere\Project-Sphere\backend\node_modules\mongoose\lib\model.js:398:7)
    at maybeTracedSave (D:\Project Sphere\Project-Sphere\backend\node_modules\mongoose\lib\model.js:674:7)
    at Function.create (D:\Project Sphere\Project-Sphere\backend\node_modules\mongoose\lib\model.js:2762:5)
    at registerUser (D:\Project Sphere\Project-Sphere\backend\controllers\authController.js:67:18)
[2026-07-17 22:08:23] INFO: POST /api/auth/register 400 243.810 ms - - bytes
[2026-07-17 22:08:24] ERROR: Error: Illegal arguments: undefined, number
    at _async (D:\Project Sphere\Project-Sphere\backend\node_modules\bcryptjs\umd\index.js:233:15)
    at D:\Project Sphere\Project-Sphere\backend\node_modules\bcryptjs\umd\index.js:245:11
    at new Promise (<anonymous>)
    at Object.hash (D:\Project Sphere\Project-Sphere\backend\node_modules\bcryptjs\umd\index.js:244:16)
    at hash (D:\Project Sphere\Project-Sphere\backend\controllers\authController.js:65:41)
    at processTicksAndRejections (node:internal/process/task_queues:95:5)
[2026-07-17 22:08:24] INFO: POST /api/auth/register 500 20.583 ms - - bytes
[2026-07-17 22:08:24] INFO: POST /api/auth/register 429 3.449 ms - - bytes
[2026-07-17 22:08:24] INFO: POST /api/auth/login 429 2.287 ms - - bytes
[2026-07-17 22:08:24] INFO: POST /api/auth/register 429 1.125 ms - - bytes
[2026-07-17 22:08:24] INFO: POST /api/auth/login 429 3.659 ms - - bytes
[2026-07-17 22:08:24] INFO: POST /api/auth/login 429 4.714 ms - - bytes
[2026-07-17 22:08:24] INFO: POST /api/auth/login 429 3.056 ms - - bytes
[2026-07-17 22:08:24] INFO: POST /api/auth/login 429 1.329 ms - - bytes
[2026-07-17 22:08:24] INFO: POST /api/auth/register 429 3.874 ms - - bytes
[2026-07-17 22:08:24] INFO: POST /api/auth/login 429 2.020 ms - - bytes
[2026-07-17 22:08:24] INFO: GET /api/auth/profile 429 3.229 ms - - bytes
[2026-07-17 22:08:24] INFO: GET /api/auth/profile 429 1.541 ms - - bytes
[2026-07-17 22:08:24] INFO: GET /api/auth/profile 429 1.528 ms - - bytes
[2026-07-17 22:08:25] INFO: POST /api/auth/register 429 2.266 ms - - bytes
[2026-07-17 22:08:25] INFO: POST /api/auth/login 429 1.326 ms - - bytes
[2026-07-17 22:08:25] INFO: GET /api/auth/admin 429 1.451 ms - - bytes
[2026-07-18 21:38:55] INFO: POST /api/auth/register 201 343.993 ms - - bytes
[2026-07-18 21:38:56] INFO: POST /api/auth/register 201 184.951 ms - - bytes
[2026-07-18 21:38:56] INFO: POST /api/auth/register 400 16.200 ms - - bytes
[2026-07-18 21:38:56] ERROR: ValidationError: User validation failed: email: Path `email` is required.
    at model.validate (D:\Project Sphere\Project-Sphere\backend\node_modules\mongoose\lib\document.js:2864:36)
    at model.$__save (D:\Project Sphere\Project-Sphere\backend\node_modules\mongoose\lib\model.js:398:7)
    at maybeTracedSave (D:\Project Sphere\Project-Sphere\backend\node_modules\mongoose\lib\model.js:674:7)
    at Function.create (D:\Project Sphere\Project-Sphere\backend\node_modules\mongoose\lib\model.js:2762:5)
    at registerUser (D:\Project Sphere\Project-Sphere\backend\controllers\authController.js:67:18)
[2026-07-18 21:38:56] INFO: POST /api/auth/register 400 228.109 ms - - bytes
[2026-07-18 21:38:56] ERROR: Error: Illegal arguments: undefined, number
    at _async (D:\Project Sphere\Project-Sphere\backend\node_modules\bcryptjs\umd\index.js:233:15)
    at D:\Project Sphere\Project-Sphere\backend\node_modules\bcryptjs\umd\index.js:245:11
    at new Promise (<anonymous>)
    at Object.hash (D:\Project Sphere\Project-Sphere\backend\node_modules\bcryptjs\umd\index.js:244:16)
    at hash (D:\Project Sphere\Project-Sphere\backend\controllers\authController.js:65:41)
    at processTicksAndRejections (node:internal/process/task_queues:95:5)
[2026-07-18 21:38:56] INFO: POST /api/auth/register 500 13.666 ms - - bytes
[2026-07-18 21:38:56] INFO: POST /api/auth/register 429 3.464 ms - - bytes
[2026-07-18 21:38:56] INFO: POST /api/auth/login 429 1.692 ms - - bytes
[2026-07-18 21:38:56] INFO: POST /api/auth/register 429 2.154 ms - - bytes
[2026-07-18 21:38:56] INFO: POST /api/auth/login 429 2.959 ms - - bytes
[2026-07-18 21:38:56] INFO: POST /api/auth/login 429 1.972 ms - - bytes
[2026-07-18 21:38:56] INFO: POST /api/auth/login 429 2.298 ms - - bytes
[2026-07-18 21:38:56] INFO: POST /api/auth/login 429 1.390 ms - - bytes
[2026-07-18 21:38:56] INFO: POST /api/auth/register 429 2.141 ms - - bytes
[2026-07-18 21:38:56] INFO: POST /api/auth/login 429 1.196 ms - - bytes
[2026-07-18 21:38:56] INFO: GET /api/auth/profile 429 1.535 ms - - bytes
[2026-07-18 21:38:57] INFO: GET /api/auth/profile 429 2.970 ms - - bytes
[2026-07-18 21:38:57] INFO: GET /api/auth/profile 429 2.633 ms - - bytes
[2026-07-18 21:38:57] INFO: POST /api/auth/register 429 1.515 ms - - bytes
[2026-07-18 21:38:57] INFO: POST /api/auth/login 429 1.219 ms - - bytes
[2026-07-18 21:38:57] INFO: GET /api/auth/admin 429 1.936 ms - - bytes
[2026-07-18 21:43:19] INFO: POST /api/auth/register 201 369.096 ms - - bytes
[2026-07-18 21:43:19] INFO: POST /api/auth/register 201 188.576 ms - - bytes
[2026-07-18 21:43:19] INFO: POST /api/auth/register 400 11.034 ms - - bytes
[2026-07-18 21:43:19] ERROR: ValidationError: User validation failed: email: Path `email` is required.
    at model.validate (D:\Project Sphere\Project-Sphere\backend\node_modules\mongoose\lib\document.js:2864:36)
    at model.$__save (D:\Project Sphere\Project-Sphere\backend\node_modules\mongoose\lib\model.js:398:7)
    at maybeTracedSave (D:\Project Sphere\Project-Sphere\backend\node_modules\mongoose\lib\model.js:674:7)
    at Function.create (D:\Project Sphere\Project-Sphere\backend\node_modules\mongoose\lib\model.js:2762:5)
    at registerUser (D:\Project Sphere\Project-Sphere\backend\controllers\authController.js:67:18)
[2026-07-18 21:43:19] INFO: POST /api/auth/register 400 224.579 ms - - bytes
[2026-07-18 21:43:19] ERROR: Error: Illegal arguments: undefined, number
    at _async (D:\Project Sphere\Project-Sphere\backend\node_modules\bcryptjs\umd\index.js:233:15)
    at D:\Project Sphere\Project-Sphere\backend\node_modules\bcryptjs\umd\index.js:245:11
    at new Promise (<anonymous>)
    at Object.hash (D:\Project Sphere\Project-Sphere\backend\node_modules\bcryptjs\umd\index.js:244:16)
    at hash (D:\Project Sphere\Project-Sphere\backend\controllers\authController.js:65:41)
    at processTicksAndRejections (node:internal/process/task_queues:95:5)
[2026-07-18 21:43:19] INFO: POST /api/auth/register 500 10.894 ms - - bytes
[2026-07-18 21:43:19] INFO: POST /api/auth/register 429 1.800 ms - - bytes
[2026-07-18 21:43:19] INFO: POST /api/auth/login 429 1.273 ms - - bytes
[2026-07-18 21:43:19] INFO: POST /api/auth/register 429 2.349 ms - - bytes
[2026-07-18 21:43:19] INFO: POST /api/auth/login 429 2.269 ms - - bytes
[2026-07-18 21:43:19] INFO: POST /api/auth/login 429 3.018 ms - - bytes
[2026-07-18 21:43:20] INFO: POST /api/auth/login 429 1.193 ms - - bytes
[2026-07-18 21:43:20] INFO: POST /api/auth/login 429 1.866 ms - - bytes
[2026-07-18 21:43:20] INFO: POST /api/auth/register 429 1.411 ms - - bytes
[2026-07-18 21:43:20] INFO: POST /api/auth/login 429 1.238 ms - - bytes
[2026-07-18 21:43:20] INFO: GET /api/auth/profile 429 2.196 ms - - bytes
[2026-07-18 21:43:20] INFO: GET /api/auth/profile 429 1.136 ms - - bytes
[2026-07-18 21:43:20] INFO: GET /api/auth/profile 429 1.579 ms - - bytes
[2026-07-18 21:43:20] INFO: POST /api/auth/register 429 1.177 ms - - bytes
[2026-07-18 21:43:20] INFO: POST /api/auth/login 429 1.226 ms - - bytes
[2026-07-18 21:43:20] INFO: GET /api/auth/admin 429 1.225 ms - - bytes
[2026-07-18 23:13:53] INFO: POST /api/auth/register 201 394.322 ms - - bytes
[2026-07-18 23:13:53] INFO: POST /api/auth/register 201 207.080 ms - - bytes
[2026-07-18 23:13:53] INFO: POST /api/auth/register 400 11.652 ms - - bytes
[2026-07-18 23:13:53] INFO: POST /api/auth/register 400 0.680 ms - - bytes
[2026-07-18 23:13:53] INFO: POST /api/auth/register 400 0.829 ms - - bytes
[2026-07-18 23:13:54] INFO: POST /api/auth/register 201 211.832 ms - - bytes
[2026-07-18 23:13:54] INFO: POST /api/auth/login 200 209.847 ms - - bytes
[2026-07-18 23:13:54] INFO: POST /api/auth/register 201 214.346 ms - - bytes
[2026-07-18 23:13:54] INFO: POST /api/auth/login 400 206.135 ms - - bytes
[2026-07-18 23:13:55] INFO: POST /api/auth/login 400 5.495 ms - - bytes
[2026-07-18 23:13:55] INFO: POST /api/auth/login 400 0.553 ms - - bytes
[2026-07-18 23:13:55] INFO: POST /api/auth/login 400 0.546 ms - - bytes
[2026-07-18 23:13:55] INFO: POST /api/auth/register 201 207.363 ms - - bytes
[2026-07-18 23:13:55] INFO: POST /api/auth/login 200 224.960 ms - - bytes
[2026-07-18 23:13:55] INFO: GET /api/auth/profile 200 91.954 ms - - bytes
[2026-07-18 23:13:55] INFO: GET /api/auth/profile 401 15.897 ms - - bytes
[2026-07-18 23:13:55] INFO: GET /api/auth/profile 401 50.750 ms - - bytes
[2026-07-18 23:13:56] INFO: POST /api/auth/register 201 211.993 ms - - bytes
[2026-07-18 23:13:56] INFO: POST /api/auth/login 200 202.067 ms - - bytes
[2026-07-18 23:13:56] INFO: GET /api/auth/admin 403 31.958 ms - - bytes
[2026-07-18 23:42:22] INFO: POST /api/auth/register 201 335.549 ms - - bytes
[2026-07-18 23:42:22] INFO: POST /api/auth/register 201 211.430 ms - - bytes
[2026-07-18 23:42:22] INFO: POST /api/auth/login 200 222.792 ms - - bytes
[2026-07-18 23:42:22] INFO: POST /api/auth/login 200 198.257 ms - - bytes
[2026-07-18 23:42:22] INFO: POST /api/services 201 33.303 ms - - bytes
[2026-07-18 23:47:07] INFO: POST /api/auth/register 201 272.889 ms - - bytes
[2026-07-18 23:47:07] INFO: POST /api/auth/register 201 201.317 ms - - bytes
[2026-07-18 23:47:07] INFO: POST /api/auth/login 200 200.070 ms - - bytes
[2026-07-18 23:47:07] INFO: POST /api/auth/login 200 191.687 ms - - bytes
[2026-07-18 23:47:07] INFO: POST /api/services 201 30.831 ms - - bytes
[2026-07-18 23:47:08] INFO: POST /api/auth/register 201 216.085 ms - - bytes
[2026-07-18 23:47:08] INFO: POST /api/auth/register 201 195.177 ms - - bytes
[2026-07-18 23:47:08] INFO: POST /api/auth/login 200 194.920 ms - - bytes
[2026-07-18 23:47:08] INFO: POST /api/auth/login 200 194.617 ms - - bytes
[2026-07-18 23:47:08] INFO: POST /api/services 403 2.588 ms - - bytes
[2026-07-18 23:47:09] INFO: POST /api/auth/register 201 214.092 ms - - bytes
[2026-07-18 23:47:09] INFO: POST /api/auth/register 201 200.978 ms - - bytes
[2026-07-18 23:47:09] INFO: POST /api/auth/login 200 191.274 ms - - bytes
[2026-07-18 23:47:09] INFO: POST /api/auth/login 200 189.425 ms - - bytes
[2026-07-18 23:47:09] INFO: POST /api/services 401 0.473 ms - - bytes
[2026-07-18 23:47:09] INFO: POST /api/auth/register 201 212.091 ms - - bytes
[2026-07-18 23:47:10] INFO: POST /api/auth/register 201 195.013 ms - - bytes
[2026-07-18 23:47:10] INFO: POST /api/auth/login 200 190.380 ms - - bytes
[2026-07-18 23:47:10] INFO: POST /api/auth/login 200 189.876 ms - - bytes
[2026-07-18 23:47:10] INFO: POST /api/services 404 8.582 ms - - bytes
[2026-07-18 23:56:29] INFO: POST /api/auth/register 201 286.967 ms - - bytes
[2026-07-18 23:56:29] INFO: POST /api/auth/register 201 201.594 ms - - bytes
[2026-07-18 23:56:29] INFO: POST /api/auth/login 200 202.410 ms - - bytes
[2026-07-18 23:56:29] INFO: POST /api/auth/login 200 198.746 ms - - bytes
[2026-07-18 23:56:29] INFO: POST /api/services 201 26.601 ms - - bytes
[2026-07-18 23:56:30] INFO: POST /api/auth/register 201 218.261 ms - - bytes
[2026-07-18 23:56:30] INFO: POST /api/auth/register 201 192.979 ms - - bytes
[2026-07-18 23:56:30] INFO: POST /api/auth/login 200 190.357 ms - - bytes
[2026-07-18 23:56:30] INFO: POST /api/auth/login 200 193.142 ms - - bytes
[2026-07-18 23:56:30] INFO: POST /api/services 403 2.972 ms - - bytes
[2026-07-18 23:56:30] INFO: POST /api/auth/register 201 213.143 ms - - bytes
[2026-07-18 23:56:31] INFO: POST /api/auth/register 201 193.096 ms - - bytes
[2026-07-18 23:56:31] INFO: POST /api/auth/login 200 192.083 ms - - bytes
[2026-07-18 23:56:31] INFO: POST /api/auth/login 200 193.326 ms - - bytes
[2026-07-18 23:56:31] INFO: POST /api/services 401 0.480 ms - - bytes
[2026-07-18 23:56:31] INFO: POST /api/auth/register 201 209.951 ms - - bytes
[2026-07-18 23:56:32] INFO: POST /api/auth/register 201 195.382 ms - - bytes
[2026-07-18 23:56:32] INFO: POST /api/auth/login 200 210.536 ms - - bytes
[2026-07-18 23:56:32] INFO: POST /api/auth/login 200 193.606 ms - - bytes
[2026-07-18 23:56:32] INFO: POST /api/services 404 8.008 ms - - bytes
[2026-07-18 23:56:32] INFO: POST /api/auth/register 201 213.908 ms - - bytes
[2026-07-18 23:56:32] INFO: POST /api/auth/register 201 191.620 ms - - bytes
[2026-07-18 23:56:33] INFO: POST /api/auth/login 200 191.931 ms - - bytes
[2026-07-18 23:56:33] INFO: POST /api/auth/login 200 194.575 ms - - bytes
[2026-07-18 23:56:33] INFO: GET /api/services 200 15.623 ms - - bytes
[2026-07-18 23:56:33] INFO: POST /api/auth/register 201 214.225 ms - - bytes
[2026-07-18 23:56:33] INFO: POST /api/auth/register 201 193.018 ms - - bytes
[2026-07-18 23:56:34] INFO: POST /api/auth/login 200 190.805 ms - - bytes
[2026-07-18 23:56:34] INFO: POST /api/auth/login 200 191.698 ms - - bytes
[2026-07-18 23:56:34] INFO: POST /api/auth/register 201 210.446 ms - - bytes
[2026-07-18 23:56:34] INFO: POST /api/auth/register 201 196.084 ms - - bytes
[2026-07-18 23:56:34] INFO: POST /api/auth/login 200 198.846 ms - - bytes
[2026-07-18 23:56:35] INFO: POST /api/auth/login 200 209.808 ms - - bytes
[2026-07-18 23:56:35] INFO: GET /api/services/6a5bc55bb6096776e0289ffd 404 4.494 ms - - bytes
[2026-07-18 23:56:35] INFO: POST /api/auth/register 201 217.293 ms - - bytes
[2026-07-18 23:56:35] INFO: POST /api/auth/register 201 191.182 ms - - bytes
[2026-07-18 23:56:35] INFO: POST /api/auth/login 200 187.903 ms - - bytes
[2026-07-18 23:56:36] INFO: POST /api/auth/login 200 190.489 ms - - bytes
[2026-07-18 23:56:36] ERROR: CastError: Cast to ObjectId failed for value "invalid-id" (type string) at path "_id" for model "Service"
    at SchemaObjectId.cast (D:\Project Sphere\Project-Sphere\backend\node_modules\mongoose\lib\schema\objectId.js:252:11)
    at SchemaObjectId.SchemaType.applySetters (D:\Project Sphere\Project-Sphere\backend\node_modules\mongoose\lib\schemaType.js:1373:12)
    at SchemaObjectId.SchemaType.castForQuery (D:\Project Sphere\Project-Sphere\backend\node_modules\mongoose\lib\schemaType.js:1793:17)
    at cast (D:\Project Sphere\Project-Sphere\backend\node_modules\mongoose\lib\cast.js:386:32)
    at model.Query.Query.cast (D:\Project Sphere\Project-Sphere\backend\node_modules\mongoose\lib\query.js:5228:12)
    at model.Query.Query._castConditions (D:\Project Sphere\Project-Sphere\backend\node_modules\mongoose\lib\query.js:2411:10)
    at model.Query._findOne (D:\Project Sphere\Project-Sphere\backend\node_modules\mongoose\lib\query.js:2758:8)
    at maybeTracedQueryExec (D:\Project Sphere\Project-Sphere\backend\node_modules\mongoose\lib\query.js:4801:83)
    at processTicksAndRejections (node:internal/process/task_queues:95:5)
    at getServiceById (D:\Project Sphere\Project-Sphere\backend\controllers\serviceController.js:138:21)
[2026-07-18 23:56:36] INFO: GET /api/services/invalid-id 400 15.823 ms - - bytes
[2026-07-19 00:21:12] INFO: POST /api/auth/register 201 287.001 ms - - bytes
[2026-07-19 00:21:12] INFO: POST /api/auth/register 201 202.889 ms - - bytes
[2026-07-19 00:21:12] INFO: POST /api/auth/login 200 200.778 ms - - bytes
[2026-07-19 00:21:12] INFO: POST /api/auth/login 200 193.908 ms - - bytes
[2026-07-19 00:21:13] INFO: POST /api/services 201 27.893 ms - - bytes
[2026-07-19 00:21:13] INFO: POST /api/auth/register 201 222.275 ms - - bytes
[2026-07-19 00:21:13] INFO: POST /api/auth/register 201 188.388 ms - - bytes
[2026-07-19 00:21:13] INFO: POST /api/auth/login 200 197.091 ms - - bytes
[2026-07-19 00:21:13] INFO: POST /api/auth/login 200 191.605 ms - - bytes
[2026-07-19 00:21:13] INFO: POST /api/services 403 4.788 ms - - bytes
[2026-07-19 00:21:14] INFO: POST /api/auth/register 201 216.925 ms - - bytes
[2026-07-19 00:21:14] INFO: POST /api/auth/register 201 205.600 ms - - bytes
[2026-07-19 00:21:14] INFO: POST /api/auth/login 200 191.797 ms - - bytes
[2026-07-19 00:21:14] INFO: POST /api/auth/login 200 192.030 ms - - bytes
[2026-07-19 00:21:14] INFO: POST /api/services 401 0.427 ms - - bytes
[2026-07-19 00:21:15] INFO: POST /api/auth/register 201 214.477 ms - - bytes
[2026-07-19 00:21:15] INFO: POST /api/auth/register 201 200.192 ms - - bytes
[2026-07-19 00:21:15] INFO: POST /api/auth/login 200 191.846 ms - - bytes
[2026-07-19 00:21:15] INFO: POST /api/auth/login 200 189.107 ms - - bytes
[2026-07-19 00:21:15] INFO: POST /api/services 404 8.076 ms - - bytes
[2026-07-19 00:21:16] INFO: POST /api/auth/register 201 222.814 ms - - bytes
[2026-07-19 00:21:16] INFO: POST /api/auth/register 201 195.435 ms - - bytes
[2026-07-19 00:21:16] INFO: POST /api/auth/login 200 189.824 ms - - bytes
[2026-07-19 00:21:16] INFO: POST /api/auth/login 200 190.121 ms - - bytes
[2026-07-19 00:21:16] INFO: POST /api/services 201 30.096 ms - - bytes
[2026-07-19 00:21:16] INFO: GET /api/services 200 67.742 ms - - bytes
[2026-07-19 00:21:17] INFO: POST /api/auth/register 201 221.718 ms - - bytes
[2026-07-19 00:21:17] INFO: POST /api/auth/register 201 203.142 ms - - bytes
[2026-07-19 00:21:17] INFO: POST /api/auth/login 200 189.638 ms - - bytes
[2026-07-19 00:21:17] INFO: POST /api/auth/login 200 195.367 ms - - bytes
[2026-07-19 00:21:17] INFO: POST /api/services 201 32.410 ms - - bytes
[2026-07-19 00:21:17] INFO: GET /api/services/6a5bcb25a8e3d5d220cf48ea 200 12.294 ms - - bytes
[2026-07-19 00:21:18] INFO: POST /api/auth/register 201 211.032 ms - - bytes
[2026-07-19 00:21:18] INFO: POST /api/auth/register 201 199.911 ms - - bytes
[2026-07-19 00:21:18] INFO: POST /api/auth/login 200 191.064 ms - - bytes
[2026-07-19 00:21:18] INFO: POST /api/auth/login 200 189.994 ms - - bytes
[2026-07-19 00:21:18] INFO: POST /api/services 201 34.346 ms - - bytes
[2026-07-19 00:21:18] INFO: GET /api/services/6a5bcb26a8e3d5d220cf48ef 404 4.213 ms - - bytes
[2026-07-19 00:21:18] INFO: POST /api/auth/register 201 219.600 ms - - bytes
[2026-07-19 00:21:19] INFO: POST /api/auth/register 201 192.316 ms - - bytes
[2026-07-19 00:21:19] INFO: POST /api/auth/login 200 193.391 ms - - bytes
[2026-07-19 00:21:19] INFO: POST /api/auth/login 200 189.735 ms - - bytes
[2026-07-19 00:21:19] INFO: POST /api/services 201 31.516 ms - - bytes
[2026-07-19 00:21:19] ERROR: CastError: Cast to ObjectId failed for value "invalid-id" (type string) at path "_id" for model "Service"
    at SchemaObjectId.cast (D:\Project Sphere\Project-Sphere\backend\node_modules\mongoose\lib\schema\objectId.js:252:11)
    at SchemaObjectId.SchemaType.applySetters (D:\Project Sphere\Project-Sphere\backend\node_modules\mongoose\lib\schemaType.js:1373:12)
    at SchemaObjectId.SchemaType.castForQuery (D:\Project Sphere\Project-Sphere\backend\node_modules\mongoose\lib\schemaType.js:1793:17)
    at cast (D:\Project Sphere\Project-Sphere\backend\node_modules\mongoose\lib\cast.js:386:32)
    at model.Query.Query.cast (D:\Project Sphere\Project-Sphere\backend\node_modules\mongoose\lib\query.js:5228:12)
    at model.Query.Query._castConditions (D:\Project Sphere\Project-Sphere\backend\node_modules\mongoose\lib\query.js:2411:10)
    at model.Query._findOne (D:\Project Sphere\Project-Sphere\backend\node_modules\mongoose\lib\query.js:2758:8)
    at maybeTracedQueryExec (D:\Project Sphere\Project-Sphere\backend\node_modules\mongoose\lib\query.js:4801:83)
    at processTicksAndRejections (node:internal/process/task_queues:95:5)
    at getServiceById (D:\Project Sphere\Project-Sphere\backend\controllers\serviceController.js:138:21)
[2026-07-19 00:21:19] INFO: GET /api/services/invalid-id 400 27.133 ms - - bytes
[2026-07-19 01:24:47] INFO: POST /api/auth/register 201 307.550 ms - - bytes
[2026-07-19 01:24:47] INFO: POST /api/auth/register 201 224.220 ms - - bytes
[2026-07-19 01:24:48] INFO: POST /api/auth/login 200 216.860 ms - - bytes
[2026-07-19 01:24:48] INFO: POST /api/auth/login 200 191.958 ms - - bytes
[2026-07-19 01:24:48] INFO: POST /api/services 201 28.612 ms - - bytes
[2026-07-19 01:24:48] INFO: POST /api/auth/register 201 220.389 ms - - bytes
[2026-07-19 01:24:48] INFO: POST /api/auth/register 201 200.601 ms - - bytes
[2026-07-19 01:24:49] INFO: POST /api/auth/login 200 195.229 ms - - bytes
[2026-07-19 01:24:49] INFO: POST /api/auth/login 200 193.285 ms - - bytes
[2026-07-19 01:24:49] INFO: POST /api/services 403 2.806 ms - - bytes
[2026-07-19 01:24:49] INFO: POST /api/auth/register 201 210.776 ms - - bytes
[2026-07-19 01:24:49] INFO: POST /api/auth/register 201 200.164 ms - - bytes
[2026-07-19 01:24:50] INFO: POST /api/auth/login 200 192.960 ms - - bytes
[2026-07-19 01:24:50] INFO: POST /api/auth/login 200 194.650 ms - - bytes
[2026-07-19 01:24:50] INFO: POST /api/services 401 0.406 ms - - bytes
[2026-07-19 01:24:50] INFO: POST /api/auth/register 201 212.119 ms - - bytes
[2026-07-19 01:24:50] INFO: POST /api/auth/register 201 193.005 ms - - bytes
[2026-07-19 01:24:50] INFO: POST /api/auth/login 200 191.962 ms - - bytes
[2026-07-19 01:24:51] INFO: POST /api/auth/login 200 190.971 ms - - bytes
[2026-07-19 01:24:51] INFO: POST /api/services 404 10.245 ms - - bytes
[2026-07-19 01:24:51] INFO: POST /api/auth/register 201 212.791 ms - - bytes
[2026-07-19 01:24:51] INFO: POST /api/auth/register 201 194.857 ms - - bytes
[2026-07-19 01:24:51] INFO: POST /api/auth/login 200 190.409 ms - - bytes
[2026-07-19 01:24:52] INFO: POST /api/auth/login 200 189.760 ms - - bytes
[2026-07-19 01:24:52] INFO: POST /api/services 201 30.067 ms - - bytes
[2026-07-19 01:24:52] INFO: GET /api/services 200 93.840 ms - - bytes
[2026-07-19 01:24:52] INFO: POST /api/auth/register 201 211.383 ms - - bytes
[2026-07-19 01:24:52] INFO: POST /api/auth/register 201 190.975 ms - - bytes
[2026-07-19 01:24:52] INFO: POST /api/auth/login 200 190.151 ms - - bytes
[2026-07-19 01:24:53] INFO: POST /api/auth/login 200 191.844 ms - - bytes
[2026-07-19 01:24:53] INFO: POST /api/services 201 29.175 ms - - bytes
[2026-07-19 01:24:53] INFO: GET /api/services/6a5bda0d93e72294b6fb7b3b 200 12.616 ms - - bytes
[2026-07-19 01:24:53] INFO: POST /api/auth/register 201 209.907 ms - - bytes
[2026-07-19 01:24:53] INFO: POST /api/auth/register 201 189.324 ms - - bytes
[2026-07-19 01:24:53] INFO: POST /api/auth/login 200 191.065 ms - - bytes
[2026-07-19 01:24:53] INFO: POST /api/auth/login 200 188.271 ms - - bytes
[2026-07-19 01:24:54] INFO: POST /api/services 201 29.682 ms - - bytes
[2026-07-19 01:24:54] INFO: GET /api/services/6a5bda0e93e72294b6fb7b40 404 4.288 ms - - bytes
[2026-07-19 01:24:54] INFO: POST /api/auth/register 201 215.439 ms - - bytes
[2026-07-19 01:24:54] INFO: POST /api/auth/register 201 189.217 ms - - bytes
[2026-07-19 01:24:54] INFO: POST /api/auth/login 200 189.596 ms - - bytes
[2026-07-19 01:24:54] INFO: POST /api/auth/login 200 188.810 ms - - bytes
[2026-07-19 01:24:54] INFO: POST /api/services 201 27.615 ms - - bytes
[2026-07-19 01:24:55] ERROR: CastError: Cast to ObjectId failed for value "invalid-id" (type string) at path "_id" for model "Service"
    at SchemaObjectId.cast (D:\Project Sphere\Project-Sphere\backend\node_modules\mongoose\lib\schema\objectId.js:252:11)
    at SchemaObjectId.SchemaType.applySetters (D:\Project Sphere\Project-Sphere\backend\node_modules\mongoose\lib\schemaType.js:1373:12)
    at SchemaObjectId.SchemaType.castForQuery (D:\Project Sphere\Project-Sphere\backend\node_modules\mongoose\lib\schemaType.js:1793:17)
    at cast (D:\Project Sphere\Project-Sphere\backend\node_modules\mongoose\lib\cast.js:386:32)
    at model.Query.Query.cast (D:\Project Sphere\Project-Sphere\backend\node_modules\mongoose\lib\query.js:5228:12)
    at model.Query.Query._castConditions (D:\Project Sphere\Project-Sphere\backend\node_modules\mongoose\lib\query.js:2411:10)
    at model.Query._findOne (D:\Project Sphere\Project-Sphere\backend\node_modules\mongoose\lib\query.js:2758:8)
    at maybeTracedQueryExec (D:\Project Sphere\Project-Sphere\backend\node_modules\mongoose\lib\query.js:4801:83)
    at processTicksAndRejections (node:internal/process/task_queues:95:5)
    at getServiceById (D:\Project Sphere\Project-Sphere\backend\controllers\serviceController.js:116:21)
[2026-07-19 01:24:55] INFO: GET /api/services/invalid-id 400 18.523 ms - - bytes
[2026-07-19 01:24:55] INFO: POST /api/auth/register 201 219.117 ms - - bytes
[2026-07-19 01:24:55] INFO: POST /api/auth/register 201 189.579 ms - - bytes
[2026-07-19 01:24:55] INFO: POST /api/auth/login 200 189.276 ms - - bytes
[2026-07-19 01:24:55] INFO: POST /api/auth/login 200 190.080 ms - - bytes
[2026-07-19 01:24:55] INFO: POST /api/services 201 26.640 ms - - bytes
[2026-07-19 01:24:55] INFO: PUT /api/services/6a5bda0f93e72294b6fb7b48 200 29.093 ms - - bytes
[2026-07-19 01:24:56] INFO: POST /api/auth/register 201 214.358 ms - - bytes
[2026-07-19 01:24:56] INFO: POST /api/auth/register 201 193.965 ms - - bytes
[2026-07-19 01:24:56] INFO: POST /api/auth/login 200 188.273 ms - - bytes
[2026-07-19 01:24:56] INFO: POST /api/auth/login 200 190.620 ms - - bytes
[2026-07-19 01:24:56] INFO: POST /api/services 201 30.996 ms - - bytes
[2026-07-19 01:24:56] INFO: PUT /api/services/6a5bda1093e72294b6fb7b4c 403 2.190 ms - - bytes
[2026-07-19 01:24:57] INFO: POST /api/auth/register 201 217.921 ms - - bytes
[2026-07-19 01:24:57] INFO: POST /api/auth/register 201 191.091 ms - - bytes
[2026-07-19 01:24:57] INFO: POST /api/auth/login 200 188.630 ms - - bytes
[2026-07-19 01:24:57] INFO: POST /api/auth/login 200 200.968 ms - - bytes
[2026-07-19 01:24:57] INFO: POST /api/services 201 28.202 ms - - bytes
[2026-07-19 01:24:57] INFO: PUT /api/services/6a5bda1193e72294b6fb7b50 401 0.440 ms - - bytes
[2026-07-19 01:24:58] INFO: POST /api/auth/register 201 213.281 ms - - bytes
[2026-07-19 01:24:58] INFO: POST /api/auth/register 201 189.427 ms - - bytes
[2026-07-19 01:24:58] INFO: POST /api/auth/login 200 189.266 ms - - bytes
[2026-07-19 01:24:58] INFO: POST /api/auth/login 200 189.226 ms - - bytes
[2026-07-19 01:24:58] INFO: POST /api/services 201 27.570 ms - - bytes
[2026-07-19 01:24:58] INFO: PUT /api/services/6a5bda1293e72294b6fb7b55 404 6.276 ms - - bytes
[2026-07-19 01:24:59] INFO: POST /api/auth/register 201 209.002 ms - - bytes
[2026-07-19 01:24:59] INFO: POST /api/auth/register 201 189.224 ms - - bytes
[2026-07-19 01:24:59] INFO: POST /api/auth/login 200 192.425 ms - - bytes
[2026-07-19 01:24:59] INFO: POST /api/auth/login 200 196.258 ms - - bytes
[2026-07-19 01:24:59] INFO: POST /api/services 201 27.442 ms - - bytes
[2026-07-19 01:24:59] ERROR: CastError: Cast to ObjectId failed for value "invalid-id" (type string) at path "_id" for model "Service"
    at SchemaObjectId.cast (D:\Project Sphere\Project-Sphere\backend\node_modules\mongoose\lib\schema\objectId.js:252:11)
    at SchemaObjectId.SchemaType.applySetters (D:\Project Sphere\Project-Sphere\backend\node_modules\mongoose\lib\schemaType.js:1373:12)
    at SchemaObjectId.SchemaType.castForQuery (D:\Project Sphere\Project-Sphere\backend\node_modules\mongoose\lib\schemaType.js:1793:17)
    at cast (D:\Project Sphere\Project-Sphere\backend\node_modules\mongoose\lib\cast.js:386:32)
    at model.Query.Query.cast (D:\Project Sphere\Project-Sphere\backend\node_modules\mongoose\lib\query.js:5228:12)
    at model.Query.Query._castConditions (D:\Project Sphere\Project-Sphere\backend\node_modules\mongoose\lib\query.js:2411:10)
    at model.Query._findOneAndUpdate (D:\Project Sphere\Project-Sphere\backend\node_modules\mongoose\lib\query.js:3557:8)
    at maybeTracedQueryExec (D:\Project Sphere\Project-Sphere\backend\node_modules\mongoose\lib\query.js:4801:83)
    at processTicksAndRejections (node:internal/process/task_queues:95:5)
    at updateService (D:\Project Sphere\Project-Sphere\backend\controllers\serviceController.js:134:21)
[2026-07-19 01:24:59] INFO: PUT /api/services/invalid-id 400 6.163 ms - - bytes
[2026-07-19 01:28:10] INFO: POST /api/auth/register 201 290.413 ms - - bytes
[2026-07-19 01:28:10] INFO: POST /api/auth/register 201 196.540 ms - - bytes
[2026-07-19 01:28:10] INFO: POST /api/auth/login 200 204.684 ms - - bytes
[2026-07-19 01:28:11] INFO: POST /api/auth/login 200 197.355 ms - - bytes
[2026-07-19 01:28:11] INFO: POST /api/services 201 28.328 ms - - bytes
[2026-07-19 01:28:11] INFO: POST /api/auth/register 201 219.735 ms - - bytes
[2026-07-19 01:28:11] INFO: POST /api/auth/register 201 199.845 ms - - bytes
[2026-07-19 01:28:11] INFO: POST /api/auth/login 200 190.714 ms - - bytes
[2026-07-19 01:28:12] INFO: POST /api/auth/login 200 191.572 ms - - bytes
[2026-07-19 01:28:12] INFO: POST /api/services 403 2.842 ms - - bytes
[2026-07-19 01:28:12] INFO: POST /api/auth/register 201 214.321 ms - - bytes
[2026-07-19 01:28:12] INFO: POST /api/auth/register 201 194.597 ms - - bytes
[2026-07-19 01:28:12] INFO: POST /api/auth/login 200 192.781 ms - - bytes
[2026-07-19 01:28:12] INFO: POST /api/auth/login 200 190.594 ms - - bytes
[2026-07-19 01:28:13] INFO: POST /api/services 401 0.416 ms - - bytes
[2026-07-19 01:28:13] INFO: POST /api/auth/register 201 209.964 ms - - bytes
[2026-07-19 01:28:13] INFO: POST /api/auth/register 201 195.522 ms - - bytes
[2026-07-19 01:28:13] INFO: POST /api/auth/login 200 196.690 ms - - bytes
[2026-07-19 01:28:13] INFO: POST /api/auth/login 200 190.044 ms - - bytes
[2026-07-19 01:28:13] INFO: POST /api/services 404 8.851 ms - - bytes
[2026-07-19 01:28:14] INFO: POST /api/auth/register 201 213.294 ms - - bytes
[2026-07-19 01:28:14] INFO: POST /api/auth/register 201 191.624 ms - - bytes
[2026-07-19 01:28:14] INFO: POST /api/auth/login 200 192.204 ms - - bytes
[2026-07-19 01:28:14] INFO: POST /api/auth/login 200 191.608 ms - - bytes
[2026-07-19 01:28:14] INFO: POST /api/services 201 25.995 ms - - bytes
[2026-07-19 01:28:14] INFO: GET /api/services 200 35.097 ms - - bytes
[2026-07-19 01:28:15] INFO: POST /api/auth/register 201 212.460 ms - - bytes
[2026-07-19 01:28:15] INFO: POST /api/auth/register 201 195.716 ms - - bytes
[2026-07-19 01:28:15] INFO: POST /api/auth/login 200 191.583 ms - - bytes
[2026-07-19 01:28:15] INFO: POST /api/auth/login 200 199.437 ms - - bytes
[2026-07-19 01:28:15] INFO: POST /api/services 201 35.156 ms - - bytes
[2026-07-19 01:28:15] INFO: GET /api/services/6a5bdad73604cd51aeb1a066 200 12.605 ms - - bytes
[2026-07-19 01:28:16] INFO: POST /api/auth/register 201 223.196 ms - - bytes
[2026-07-19 01:28:16] INFO: POST /api/auth/register 201 191.329 ms - - bytes
[2026-07-19 01:28:16] INFO: POST /api/auth/login 200 190.501 ms - - bytes
[2026-07-19 01:28:16] INFO: POST /api/auth/login 200 194.630 ms - - bytes
[2026-07-19 01:28:16] INFO: POST /api/services 201 28.339 ms - - bytes
[2026-07-19 01:28:16] INFO: GET /api/services/6a5bdad83604cd51aeb1a06b 404 3.696 ms - - bytes
[2026-07-19 01:28:17] INFO: POST /api/auth/register 201 211.407 ms - - bytes
[2026-07-19 01:28:17] INFO: POST /api/auth/register 201 192.045 ms - - bytes
[2026-07-19 01:28:17] INFO: POST /api/auth/login 200 189.665 ms - - bytes
[2026-07-19 01:28:17] INFO: POST /api/auth/login 200 190.986 ms - - bytes
[2026-07-19 01:28:17] INFO: POST /api/services 201 29.798 ms - - bytes
[2026-07-19 01:28:17] ERROR: CastError: Cast to ObjectId failed for value "invalid-id" (type string) at path "_id" for model "Service"
    at SchemaObjectId.cast (D:\Project Sphere\Project-Sphere\backend\node_modules\mongoose\lib\schema\objectId.js:252:11)
    at SchemaObjectId.SchemaType.applySetters (D:\Project Sphere\Project-Sphere\backend\node_modules\mongoose\lib\schemaType.js:1373:12)
    at SchemaObjectId.SchemaType.castForQuery (D:\Project Sphere\Project-Sphere\backend\node_modules\mongoose\lib\schemaType.js:1793:17)
    at cast (D:\Project Sphere\Project-Sphere\backend\node_modules\mongoose\lib\cast.js:386:32)
    at model.Query.Query.cast (D:\Project Sphere\Project-Sphere\backend\node_modules\mongoose\lib\query.js:5228:12)
    at model.Query.Query._castConditions (D:\Project Sphere\Project-Sphere\backend\node_modules\mongoose\lib\query.js:2411:10)
    at model.Query._findOne (D:\Project Sphere\Project-Sphere\backend\node_modules\mongoose\lib\query.js:2758:8)
    at maybeTracedQueryExec (D:\Project Sphere\Project-Sphere\backend\node_modules\mongoose\lib\query.js:4801:83)
    at processTicksAndRejections (node:internal/process/task_queues:95:5)
    at getServiceById (D:\Project Sphere\Project-Sphere\backend\controllers\serviceController.js:116:21)
[2026-07-19 01:28:17] INFO: GET /api/services/invalid-id 400 16.330 ms - - bytes
[2026-07-19 01:28:17] INFO: POST /api/auth/register 201 208.433 ms - - bytes
[2026-07-19 01:28:18] INFO: POST /api/auth/register 201 190.751 ms - - bytes
[2026-07-19 01:28:18] INFO: POST /api/auth/login 200 191.642 ms - - bytes
[2026-07-19 01:28:18] INFO: POST /api/auth/login 200 188.823 ms - - bytes
[2026-07-19 01:28:18] INFO: POST /api/services 201 28.064 ms - - bytes
[2026-07-19 01:28:18] INFO: PUT /api/services/6a5bdada3604cd51aeb1a073 200 18.936 ms - - bytes
[2026-07-19 01:28:18] INFO: POST /api/auth/register 201 211.121 ms - - bytes
[2026-07-19 01:28:19] INFO: POST /api/auth/register 201 190.521 ms - - bytes
[2026-07-19 01:28:19] INFO: POST /api/auth/login 200 190.469 ms - - bytes
[2026-07-19 01:28:19] INFO: POST /api/auth/login 200 188.851 ms - - bytes
[2026-07-19 01:28:19] INFO: POST /api/services 201 25.637 ms - - bytes
[2026-07-19 01:28:19] INFO: PUT /api/services/6a5bdadb3604cd51aeb1a077 403 2.384 ms - - bytes
[2026-07-19 01:28:19] INFO: POST /api/auth/register 201 209.658 ms - - bytes
[2026-07-19 01:28:20] INFO: POST /api/auth/register 201 191.591 ms - - bytes
[2026-07-19 01:28:20] INFO: POST /api/auth/login 200 189.574 ms - - bytes
[2026-07-19 01:28:20] INFO: POST /api/auth/login 200 190.801 ms - - bytes
[2026-07-19 01:28:20] INFO: POST /api/services 201 25.005 ms - - bytes
[2026-07-19 01:28:20] INFO: PUT /api/services/6a5bdadc3604cd51aeb1a07b 401 0.517 ms - - bytes
[2026-07-19 01:28:20] INFO: POST /api/auth/register 201 217.282 ms - - bytes
[2026-07-19 01:28:20] INFO: POST /api/auth/register 201 191.603 ms - - bytes
[2026-07-19 01:28:21] INFO: POST /api/auth/login 200 191.294 ms - - bytes
[2026-07-19 01:28:21] INFO: POST /api/auth/login 200 192.073 ms - - bytes
[2026-07-19 01:28:21] INFO: POST /api/services 201 26.521 ms - - bytes
[2026-07-19 01:28:21] INFO: PUT /api/services/6a5bdadd3604cd51aeb1a080 404 6.599 ms - - bytes
[2026-07-19 01:28:21] INFO: POST /api/auth/register 201 214.357 ms - - bytes
[2026-07-19 01:28:21] INFO: POST /api/auth/register 201 196.096 ms - - bytes
[2026-07-19 01:28:22] INFO: POST /api/auth/login 200 202.729 ms - - bytes
[2026-07-19 01:28:22] INFO: POST /api/auth/login 200 189.363 ms - - bytes
[2026-07-19 01:28:22] INFO: POST /api/services 201 33.333 ms - - bytes
[2026-07-19 01:28:22] ERROR: CastError: Cast to ObjectId failed for value "invalid-id" (type string) at path "_id" for model "Service"
    at SchemaObjectId.cast (D:\Project Sphere\Project-Sphere\backend\node_modules\mongoose\lib\schema\objectId.js:252:11)
    at SchemaObjectId.SchemaType.applySetters (D:\Project Sphere\Project-Sphere\backend\node_modules\mongoose\lib\schemaType.js:1373:12)
    at SchemaObjectId.SchemaType.castForQuery (D:\Project Sphere\Project-Sphere\backend\node_modules\mongoose\lib\schemaType.js:1793:17)
    at cast (D:\Project Sphere\Project-Sphere\backend\node_modules\mongoose\lib\cast.js:386:32)
    at model.Query.Query.cast (D:\Project Sphere\Project-Sphere\backend\node_modules\mongoose\lib\query.js:5228:12)
    at model.Query.Query._castConditions (D:\Project Sphere\Project-Sphere\backend\node_modules\mongoose\lib\query.js:2411:10)
    at model.Query._findOneAndUpdate (D:\Project Sphere\Project-Sphere\backend\node_modules\mongoose\lib\query.js:3557:8)
    at maybeTracedQueryExec (D:\Project Sphere\Project-Sphere\backend\node_modules\mongoose\lib\query.js:4801:83)
    at processTicksAndRejections (node:internal/process/task_queues:95:5)
    at updateService (D:\Project Sphere\Project-Sphere\backend\controllers\serviceController.js:134:21)
[2026-07-19 01:28:22] INFO: PUT /api/services/invalid-id 400 9.694 ms - - bytes
[2026-07-19 01:28:22] INFO: POST /api/auth/register 201 227.623 ms - - bytes
[2026-07-19 01:28:22] INFO: POST /api/auth/register 201 203.802 ms - - bytes
[2026-07-19 01:28:23] INFO: POST /api/auth/login 200 190.233 ms - - bytes
[2026-07-19 01:28:23] INFO: POST /api/auth/login 200 189.827 ms - - bytes
[2026-07-19 01:28:23] INFO: POST /api/services 201 29.123 ms - - bytes
[2026-07-19 01:28:23] INFO: DELETE /api/services/6a5bdadf3604cd51aeb1a088 200 9.319 ms - - bytes
[2026-07-19 01:28:23] INFO: GET /api/services/6a5bdadf3604cd51aeb1a088 404 3.656 ms - - bytes
[2026-07-19 01:28:23] INFO: POST /api/auth/register 201 212.172 ms - - bytes
[2026-07-19 01:28:23] INFO: POST /api/auth/register 201 190.486 ms - - bytes
[2026-07-19 01:28:24] INFO: POST /api/auth/login 200 212.618 ms - - bytes
[2026-07-19 01:28:24] INFO: POST /api/auth/login 200 224.832 ms - - bytes
[2026-07-19 01:28:24] INFO: POST /api/services 201 29.897 ms - - bytes
[2026-07-19 01:28:24] INFO: DELETE /api/services/6a5bdae03604cd51aeb1a08c 403 2.896 ms - - bytes
[2026-07-19 01:28:24] INFO: POST /api/auth/register 201 223.151 ms - - bytes
[2026-07-19 01:28:24] INFO: POST /api/auth/register 201 190.832 ms - - bytes
[2026-07-19 01:28:25] INFO: POST /api/auth/login 200 191.773 ms - - bytes
[2026-07-19 01:28:25] INFO: POST /api/auth/login 200 189.400 ms - - bytes
[2026-07-19 01:28:25] INFO: POST /api/services 201 39.981 ms - - bytes
[2026-07-19 01:28:25] INFO: DELETE /api/services/6a5bdae13604cd51aeb1a090 401 0.784 ms - - bytes
[2026-07-19 01:28:25] INFO: POST /api/auth/register 201 228.868 ms - - bytes
[2026-07-19 01:28:25] INFO: POST /api/auth/register 201 198.317 ms - - bytes
[2026-07-19 01:28:26] INFO: POST /api/auth/login 200 189.342 ms - - bytes
[2026-07-19 01:28:26] INFO: POST /api/auth/login 200 188.613 ms - - bytes
[2026-07-19 01:28:26] INFO: POST /api/services 201 31.127 ms - - bytes
[2026-07-19 01:28:26] INFO: DELETE /api/services/6a5bdae23604cd51aeb1a095 404 6.029 ms - - bytes
[2026-07-19 01:28:26] INFO: POST /api/auth/register 201 239.856 ms - - bytes
[2026-07-19 01:28:26] INFO: POST /api/auth/register 201 229.445 ms - - bytes
[2026-07-19 01:28:27] INFO: POST /api/auth/login 200 187.644 ms - - bytes
[2026-07-19 01:28:27] INFO: POST /api/auth/login 200 208.450 ms - - bytes
[2026-07-19 01:28:27] INFO: POST /api/services 201 47.296 ms - - bytes
[2026-07-19 01:28:27] ERROR: CastError: Cast to ObjectId failed for value "invalid-id" (type string) at path "_id" for model "Service"
    at SchemaObjectId.cast (D:\Project Sphere\Project-Sphere\backend\node_modules\mongoose\lib\schema\objectId.js:252:11)
    at SchemaObjectId.SchemaType.applySetters (D:\Project Sphere\Project-Sphere\backend\node_modules\mongoose\lib\schemaType.js:1373:12)
    at SchemaObjectId.SchemaType.castForQuery (D:\Project Sphere\Project-Sphere\backend\node_modules\mongoose\lib\schemaType.js:1793:17)
    at cast (D:\Project Sphere\Project-Sphere\backend\node_modules\mongoose\lib\cast.js:386:32)
    at model.Query.Query.cast (D:\Project Sphere\Project-Sphere\backend\node_modules\mongoose\lib\query.js:5228:12)
    at model.Query.Query._castConditions (D:\Project Sphere\Project-Sphere\backend\node_modules\mongoose\lib\query.js:2411:10)
    at model.Query._findOneAndDelete (D:\Project Sphere\Project-Sphere\backend\node_modules\mongoose\lib\query.js:3702:8)
    at maybeTracedQueryExec (D:\Project Sphere\Project-Sphere\backend\node_modules\mongoose\lib\query.js:4801:83)
    at processTicksAndRejections (node:internal/process/task_queues:95:5)
    at deleteService (D:\Project Sphere\Project-Sphere\backend\controllers\serviceController.js:151:21)
[2026-07-19 01:28:27] INFO: DELETE /api/services/invalid-id 400 11.531 ms - - bytes
[2026-07-19 01:44:03] INFO: POST /api/auth/register 201 325.240 ms - - bytes
[2026-07-19 01:44:04] INFO: POST /api/auth/register 201 197.486 ms - - bytes
[2026-07-19 01:44:04] INFO: POST /api/auth/login 200 203.031 ms - - bytes
[2026-07-19 01:44:04] INFO: POST /api/auth/login 200 192.413 ms - - bytes
[2026-07-19 01:44:04] INFO: POST /api/categories 201 8.499 ms - - bytes
[2026-07-19 01:44:04] INFO: POST /api/auth/register 201 216.511 ms - - bytes
[2026-07-19 01:44:04] INFO: POST /api/auth/register 201 194.726 ms - - bytes
[2026-07-19 01:44:05] INFO: POST /api/auth/login 200 192.029 ms - - bytes
[2026-07-19 01:44:05] INFO: POST /api/auth/login 200 191.185 ms - - bytes
[2026-07-19 01:44:05] INFO: POST /api/categories 201 27.252 ms - - bytes
[2026-07-19 01:44:05] INFO: POST /api/auth/register 201 208.757 ms - - bytes
[2026-07-19 01:44:05] INFO: POST /api/auth/register 201 196.323 ms - - bytes
[2026-07-19 01:44:06] INFO: POST /api/auth/login 200 192.155 ms - - bytes
[2026-07-19 01:44:06] INFO: POST /api/auth/login 200 191.615 ms - - bytes
[2026-07-19 01:44:06] INFO: POST /api/categories 201 23.905 ms - - bytes
[2026-07-19 01:50:54] INFO: POST /api/auth/register 201 287.750 ms - - bytes
[2026-07-19 01:50:54] INFO: POST /api/auth/register 201 199.056 ms - - bytes
[2026-07-19 01:50:54] INFO: POST /api/auth/login 200 199.502 ms - - bytes
[2026-07-19 01:50:54] INFO: POST /api/auth/login 200 195.576 ms - - bytes
[2026-07-19 01:50:54] INFO: POST /api/categories 201 10.049 ms - - bytes
[2026-07-19 01:50:55] INFO: POST /api/auth/register 201 220.631 ms - - bytes
[2026-07-19 01:50:55] INFO: POST /api/auth/register 201 191.452 ms - - bytes
[2026-07-19 01:50:55] INFO: POST /api/auth/login 200 191.492 ms - - bytes
[2026-07-19 01:50:55] INFO: POST /api/auth/login 200 188.962 ms - - bytes
[2026-07-19 01:50:55] INFO: POST /api/categories 403 2.832 ms - - bytes
[2026-07-19 01:50:55] INFO: POST /api/auth/register 201 209.551 ms - - bytes
[2026-07-19 01:50:56] INFO: POST /api/auth/register 201 193.557 ms - - bytes
[2026-07-19 01:50:56] INFO: POST /api/auth/login 200 189.001 ms - - bytes
[2026-07-19 01:50:56] INFO: POST /api/auth/login 200 192.245 ms - - bytes
[2026-07-19 01:50:56] INFO: POST /api/categories 401 0.463 ms - - bytes
[2026-07-19 01:54:22] INFO: POST /api/auth/register 201 313.038 ms - - bytes
[2026-07-19 01:54:22] INFO: POST /api/auth/register 201 231.475 ms - - bytes
[2026-07-19 01:54:22] INFO: POST /api/auth/login 200 215.954 ms - - bytes
[2026-07-19 01:54:22] INFO: POST /api/auth/login 200 192.812 ms - - bytes
[2026-07-19 01:54:22] INFO: POST /api/categories 201 11.590 ms - - bytes
[2026-07-19 01:54:23] INFO: POST /api/auth/register 201 217.404 ms - - bytes
[2026-07-19 01:54:23] INFO: POST /api/auth/register 201 193.917 ms - - bytes
[2026-07-19 01:54:23] INFO: POST /api/auth/login 200 196.150 ms - - bytes
[2026-07-19 01:54:23] INFO: POST /api/auth/login 200 190.743 ms - - bytes
[2026-07-19 01:54:23] INFO: POST /api/categories 403 2.667 ms - - bytes
[2026-07-19 01:54:24] INFO: POST /api/auth/register 201 222.228 ms - - bytes
[2026-07-19 01:54:24] INFO: POST /api/auth/register 201 193.368 ms - - bytes
[2026-07-19 01:54:24] INFO: POST /api/auth/login 200 192.049 ms - - bytes
[2026-07-19 01:54:24] INFO: POST /api/auth/login 200 190.905 ms - - bytes
[2026-07-19 01:54:24] INFO: POST /api/categories 401 0.694 ms - - bytes
[2026-07-19 01:54:25] INFO: POST /api/auth/register 201 220.746 ms - - bytes
[2026-07-19 01:54:25] INFO: POST /api/auth/register 201 195.462 ms - - bytes
[2026-07-19 01:54:25] INFO: POST /api/auth/login 200 195.023 ms - - bytes
[2026-07-19 01:54:25] INFO: POST /api/auth/login 200 188.638 ms - - bytes
[2026-07-19 01:54:25] INFO: POST /api/categories 201 27.706 ms - - bytes
[2026-07-19 01:54:25] ERROR: TypeError: Category.select is not a function
    at select (D:\Project Sphere\Project-Sphere\backend\controllers\categoryController.js:26:6)
    at Layer.handleRequest (D:\Project Sphere\Project-Sphere\backend\node_modules\router\lib\layer.js:152:17)
    at next (D:\Project Sphere\Project-Sphere\backend\node_modules\router\lib\route.js:157:13)
    at Route.dispatch (D:\Project Sphere\Project-Sphere\backend\node_modules\router\lib\route.js:117:3)
    at handle (D:\Project Sphere\Project-Sphere\backend\node_modules\router\index.js:435:11)
    at Layer.handleRequest (D:\Project Sphere\Project-Sphere\backend\node_modules\router\lib\layer.js:152:17)
    at D:\Project Sphere\Project-Sphere\backend\node_modules\router\index.js:295:15
    at processParams (D:\Project Sphere\Project-Sphere\backend\node_modules\router\index.js:582:12)
    at next (D:\Project Sphere\Project-Sphere\backend\node_modules\router\index.js:291:5)
    at Function.handle (D:\Project Sphere\Project-Sphere\backend\node_modules\router\index.js:186:3)
    at router (D:\Project Sphere\Project-Sphere\backend\node_modules\router\index.js:60:12)
    at Layer.handleRequest (D:\Project Sphere\Project-Sphere\backend\node_modules\router\lib\layer.js:152:17)
    at trimPrefix (D:\Project Sphere\Project-Sphere\backend\node_modules\router\index.js:342:13)
    at D:\Project Sphere\Project-Sphere\backend\node_modules\router\index.js:297:9
    at processParams (D:\Project Sphere\Project-Sphere\backend\node_modules\router\index.js:582:12)
    at next (D:\Project Sphere\Project-Sphere\backend\node_modules\router\index.js:291:5)
    at logger (D:\Project Sphere\Project-Sphere\backend\node_modules\morgan\index.js:170:5)
    at Layer.handleRequest (D:\Project Sphere\Project-Sphere\backend\node_modules\router\lib\layer.js:152:17)
    at trimPrefix (D:\Project Sphere\Project-Sphere\backend\node_modules\router\index.js:342:13)
    at D:\Project Sphere\Project-Sphere\backend\node_modules\router\index.js:297:9
    at processParams (D:\Project Sphere\Project-Sphere\backend\node_modules\router\index.js:582:12)
    at next (D:\Project Sphere\Project-Sphere\backend\node_modules\router\index.js:291:5)
    at read (D:\Project Sphere\Project-Sphere\backend\node_modules\body-parser\lib\read.js:53:5)
    at jsonParser (D:\Project Sphere\Project-Sphere\backend\node_modules\body-parser\lib\types\json.js:88:5)
    at Layer.handleRequest (D:\Project Sphere\Project-Sphere\backend\node_modules\router\lib\layer.js:152:17)
    at trimPrefix (D:\Project Sphere\Project-Sphere\backend\node_modules\router\index.js:342:13)
    at D:\Project Sphere\Project-Sphere\backend\node_modules\router\index.js:297:9
    at processParams (D:\Project Sphere\Project-Sphere\backend\node_modules\router\index.js:582:12)
    at next (D:\Project Sphere\Project-Sphere\backend\node_modules\router\index.js:291:5)
    at compression (D:\Project Sphere\Project-Sphere\backend\node_modules\compression\index.js:243:5)
    at Layer.handleRequest (D:\Project Sphere\Project-Sphere\backend\node_modules\router\lib\layer.js:152:17)
    at trimPrefix (D:\Project Sphere\Project-Sphere\backend\node_modules\router\index.js:342:13)
    at D:\Project Sphere\Project-Sphere\backend\node_modules\router\index.js:297:9
    at processParams (D:\Project Sphere\Project-Sphere\backend\node_modules\router\index.js:582:12)
    at next (D:\Project Sphere\Project-Sphere\backend\node_modules\router\index.js:291:5)
    at cors (D:\Project Sphere\Project-Sphere\backend\node_modules\cors\lib\index.js:188:7)
    at D:\Project Sphere\Project-Sphere\backend\node_modules\cors\lib\index.js:224:17
    at originCallback (D:\Project Sphere\Project-Sphere\backend\node_modules\cors\lib\index.js:214:15)
    at D:\Project Sphere\Project-Sphere\backend\node_modules\cors\lib\index.js:219:13
    at optionsCallback (D:\Project Sphere\Project-Sphere\backend\node_modules\cors\lib\index.js:199:9)
    at corsMiddleware (D:\Project Sphere\Project-Sphere\backend\node_modules\cors\lib\index.js:204:7)
    at Layer.handleRequest (D:\Project Sphere\Project-Sphere\backend\node_modules\router\lib\layer.js:152:17)
    at trimPrefix (D:\Project Sphere\Project-Sphere\backend\node_modules\router\index.js:342:13)
    at D:\Project Sphere\Project-Sphere\backend\node_modules\router\index.js:297:9
    at processParams (D:\Project Sphere\Project-Sphere\backend\node_modules\router\index.js:582:12)
    at next (D:\Project Sphere\Project-Sphere\backend\node_modules\router\index.js:291:5)
    at internalNext (D:\Project Sphere\Project-Sphere\backend\node_modules\helmet\index.cjs:531:6)
    at xXssProtectionMiddleware (D:\Project Sphere\Project-Sphere\backend\node_modules\helmet\index.cjs:311:3)
    at internalNext (D:\Project Sphere\Project-Sphere\backend\node_modules\helmet\index.cjs:529:6)
    at xPoweredByMiddleware (D:\Project Sphere\Project-Sphere\backend\node_modules\helmet\index.cjs:304:3)
    at internalNext (D:\Project Sphere\Project-Sphere\backend\node_modules\helmet\index.cjs:529:6)
    at xPermittedCrossDomainPoliciesMiddleware (D:\Project Sphere\Project-Sphere\backend\node_modules\helmet\index.cjs:297:3)
    at internalNext (D:\Project Sphere\Project-Sphere\backend\node_modules\helmet\index.cjs:529:6)
    at xFrameOptionsMiddleware (D:\Project Sphere\Project-Sphere\backend\node_modules\helmet\index.cjs:281:3)
    at internalNext (D:\Project Sphere\Project-Sphere\backend\node_modules\helmet\index.cjs:529:6)
    at xDownloadOptionsMiddleware (D:\Project Sphere\Project-Sphere\backend\node_modules\helmet\index.cjs:261:3)
    at internalNext (D:\Project Sphere\Project-Sphere\backend\node_modules\helmet\index.cjs:529:6)
    at xDnsPrefetchControlMiddleware (D:\Project Sphere\Project-Sphere\backend\node_modules\helmet\index.cjs:254:3)
    at internalNext (D:\Project Sphere\Project-Sphere\backend\node_modules\helmet\index.cjs:529:6)
    at xContentTypeOptionsMiddleware (D:\Project Sphere\Project-Sphere\backend\node_modules\helmet\index.cjs:246:3)
    at internalNext (D:\Project Sphere\Project-Sphere\backend\node_modules\helmet\index.cjs:529:6)
    at strictTransportSecurityMiddleware (D:\Project Sphere\Project-Sphere\backend\node_modules\helmet\index.cjs:239:3)
    at internalNext (D:\Project Sphere\Project-Sphere\backend\node_modules\helmet\index.cjs:529:6)
    at referrerPolicyMiddleware (D:\Project Sphere\Project-Sphere\backend\node_modules\helmet\index.cjs:207:3)
    at internalNext (D:\Project Sphere\Project-Sphere\backend\node_modules\helmet\index.cjs:529:6)
    at originAgentClusterMiddleware (D:\Project Sphere\Project-Sphere\backend\node_modules\helmet\index.cjs:182:3)
    at internalNext (D:\Project Sphere\Project-Sphere\backend\node_modules\helmet\index.cjs:529:6)
    at crossOriginResourcePolicyMiddleware (D:\Project Sphere\Project-Sphere\backend\node_modules\helmet\index.cjs:175:3)
    at internalNext (D:\Project Sphere\Project-Sphere\backend\node_modules\helmet\index.cjs:529:6)
    at crossOriginOpenerPolicyMiddleware (D:\Project Sphere\Project-Sphere\backend\node_modules\helmet\index.cjs:159:3)
    at internalNext (D:\Project Sphere\Project-Sphere\backend\node_modules\helmet\index.cjs:529:6)
    at contentSecurityPolicyMiddleware (D:\Project Sphere\Project-Sphere\backend\node_modules\helmet\index.cjs:124:4)
    at internalNext (D:\Project Sphere\Project-Sphere\backend\node_modules\helmet\index.cjs:529:6)
    at helmetMiddleware (D:\Project Sphere\Project-Sphere\backend\node_modules\helmet\index.cjs:533:6)
    at Layer.handleRequest (D:\Project Sphere\Project-Sphere\backend\node_modules\router\lib\layer.js:152:17)
    at trimPrefix (D:\Project Sphere\Project-Sphere\backend\node_modules\router\index.js:342:13)
    at D:\Project Sphere\Project-Sphere\backend\node_modules\router\index.js:297:9
    at processParams (D:\Project Sphere\Project-Sphere\backend\node_modules\router\index.js:582:12)
    at next (D:\Project Sphere\Project-Sphere\backend\node_modules\router\index.js:291:5)
    at Function.handle (D:\Project Sphere\Project-Sphere\backend\node_modules\router\index.js:186:3)
    at Function.handle (D:\Project Sphere\Project-Sphere\backend\node_modules\express\lib\application.js:177:15)
    at Server.app (D:\Project Sphere\Project-Sphere\backend\node_modules\express\lib\express.js:38:9)
    at Server.emit (node:events:524:28)
    at parserOnIncoming (node:_http_server:1139:12)
    at HTTPParser.parserOnHeadersComplete (node:_http_common:118:17)
[2026-07-19 01:54:25] INFO: GET /api/categories 500 41.240 ms - - bytes
[2026-07-19 01:54:25] INFO: POST /api/auth/register 201 212.221 ms - - bytes
[2026-07-19 01:54:26] INFO: POST /api/auth/register 201 194.927 ms - - bytes
[2026-07-19 01:54:26] INFO: POST /api/auth/login 200 191.539 ms - - bytes
[2026-07-19 01:54:26] INFO: POST /api/auth/login 200 189.828 ms - - bytes
[2026-07-19 01:54:26] INFO: POST /api/categories 201 25.588 ms - - bytes
[2026-07-19 01:54:26] INFO: GET /api/categories/6a5be0fa820be74c4dd88fc2 200 5.721 ms - - bytes
[2026-07-19 01:54:26] INFO: POST /api/auth/register 201 212.226 ms - - bytes
[2026-07-19 01:54:27] INFO: POST /api/auth/register 201 194.803 ms - - bytes
[2026-07-19 01:54:27] INFO: POST /api/auth/login 200 194.823 ms - - bytes
[2026-07-19 01:54:27] INFO: POST /api/auth/login 200 190.674 ms - - bytes
[2026-07-19 01:54:27] INFO: POST /api/categories 201 25.224 ms - - bytes
[2026-07-19 01:54:27] INFO: GET /api/categories/6a5be0fb820be74c4dd88fc6 404 3.182 ms - - bytes
[2026-07-19 01:54:27] INFO: POST /api/auth/register 201 214.497 ms - - bytes
[2026-07-19 01:54:28] INFO: POST /api/auth/register 201 193.643 ms - - bytes
[2026-07-19 01:54:28] INFO: POST /api/auth/login 200 193.278 ms - - bytes
[2026-07-19 01:54:28] INFO: POST /api/auth/login 200 192.719 ms - - bytes
[2026-07-19 01:54:28] INFO: POST /api/categories 201 28.810 ms - - bytes
[2026-07-19 01:54:28] ERROR: CastError: Cast to ObjectId failed for value "invalid-id" (type string) at path "_id" for model "Category"
    at SchemaObjectId.cast (D:\Project Sphere\Project-Sphere\backend\node_modules\mongoose\lib\schema\objectId.js:252:11)
    at SchemaObjectId.SchemaType.applySetters (D:\Project Sphere\Project-Sphere\backend\node_modules\mongoose\lib\schemaType.js:1373:12)
    at SchemaObjectId.SchemaType.castForQuery (D:\Project Sphere\Project-Sphere\backend\node_modules\mongoose\lib\schemaType.js:1793:17)
    at cast (D:\Project Sphere\Project-Sphere\backend\node_modules\mongoose\lib\cast.js:386:32)
    at model.Query.Query.cast (D:\Project Sphere\Project-Sphere\backend\node_modules\mongoose\lib\query.js:5228:12)
    at model.Query.Query._castConditions (D:\Project Sphere\Project-Sphere\backend\node_modules\mongoose\lib\query.js:2411:10)
    at model.Query._findOne (D:\Project Sphere\Project-Sphere\backend\node_modules\mongoose\lib\query.js:2758:8)
    at maybeTracedQueryExec (D:\Project Sphere\Project-Sphere\backend\node_modules\mongoose\lib\query.js:4801:83)
    at processTicksAndRejections (node:internal/process/task_queues:95:5)
    at getCategoryById (D:\Project Sphere\Project-Sphere\backend\controllers\categoryController.js:47:7)
[2026-07-19 01:54:28] INFO: GET /api/categories/invalid-id 400 10.880 ms - - bytes
[2026-07-19 02:02:03] INFO: POST /api/auth/register 201 276.970 ms - - bytes
[2026-07-19 02:02:04] INFO: POST /api/auth/register 201 203.504 ms - - bytes
[2026-07-19 02:02:04] INFO: POST /api/auth/login 200 203.554 ms - - bytes
[2026-07-19 02:02:04] INFO: POST /api/auth/login 200 190.250 ms - - bytes
[2026-07-19 02:02:04] INFO: POST /api/categories 201 9.773 ms - - bytes
[2026-07-19 02:02:04] INFO: POST /api/auth/register 201 221.791 ms - - bytes
[2026-07-19 02:02:04] INFO: POST /api/auth/register 201 194.037 ms - - bytes
[2026-07-19 02:02:05] INFO: POST /api/auth/login 200 195.925 ms - - bytes
[2026-07-19 02:02:05] INFO: POST /api/auth/login 200 190.311 ms - - bytes
[2026-07-19 02:02:05] INFO: POST /api/categories 403 2.691 ms - - bytes
[2026-07-19 02:02:05] INFO: POST /api/auth/register 201 214.016 ms - - bytes
[2026-07-19 02:02:05] INFO: POST /api/auth/register 201 196.319 ms - - bytes
[2026-07-19 02:02:06] INFO: POST /api/auth/login 200 193.032 ms - - bytes
[2026-07-19 02:02:06] INFO: POST /api/auth/login 200 191.838 ms - - bytes
[2026-07-19 02:02:06] INFO: POST /api/categories 401 0.419 ms - - bytes
[2026-07-19 02:02:06] INFO: POST /api/auth/register 201 379.489 ms - - bytes
[2026-07-19 02:02:06] INFO: POST /api/auth/register 201 191.228 ms - - bytes
[2026-07-19 02:02:07] INFO: POST /api/auth/login 200 193.651 ms - - bytes
[2026-07-19 02:02:07] INFO: POST /api/auth/login 200 192.024 ms - - bytes
[2026-07-19 02:02:07] INFO: POST /api/categories 201 32.407 ms - - bytes
[2026-07-19 02:02:07] INFO: GET /api/categories 200 15.504 ms - - bytes
[2026-07-19 02:02:07] INFO: POST /api/auth/register 201 221.788 ms - - bytes
[2026-07-19 02:02:07] INFO: POST /api/auth/register 201 199.662 ms - - bytes
[2026-07-19 02:02:08] INFO: POST /api/auth/login 200 192.996 ms - - bytes
[2026-07-19 02:02:08] INFO: POST /api/auth/login 200 189.992 ms - - bytes
[2026-07-19 02:02:08] INFO: POST /api/categories 201 28.621 ms - - bytes
[2026-07-19 02:02:08] INFO: GET /api/categories/6a5be2c8f55671614d80ae30 200 4.665 ms - - bytes
[2026-07-19 02:02:08] INFO: POST /api/auth/register 201 210.071 ms - - bytes
[2026-07-19 02:02:08] INFO: POST /api/auth/register 201 193.376 ms - - bytes
[2026-07-19 02:02:08] INFO: POST /api/auth/login 200 194.871 ms - - bytes
[2026-07-19 02:02:09] INFO: POST /api/auth/login 200 190.631 ms - - bytes
[2026-07-19 02:02:09] INFO: POST /api/categories 201 27.892 ms - - bytes
[2026-07-19 02:02:09] INFO: GET /api/categories/6a5be2c9f55671614d80ae34 404 3.146 ms - - bytes
[2026-07-19 02:02:09] INFO: POST /api/auth/register 201 213.939 ms - - bytes
[2026-07-19 02:02:09] INFO: POST /api/auth/register 201 192.185 ms - - bytes
[2026-07-19 02:02:09] INFO: POST /api/auth/login 200 191.009 ms - - bytes
[2026-07-19 02:02:10] INFO: POST /api/auth/login 200 193.418 ms - - bytes
[2026-07-19 02:02:10] INFO: POST /api/categories 201 32.622 ms - - bytes
[2026-07-19 02:02:10] ERROR: CastError: Cast to ObjectId failed for value "invalid-id" (type string) at path "_id" for model "Category"
    at SchemaObjectId.cast (D:\Project Sphere\Project-Sphere\backend\node_modules\mongoose\lib\schema\objectId.js:252:11)
    at SchemaObjectId.SchemaType.applySetters (D:\Project Sphere\Project-Sphere\backend\node_modules\mongoose\lib\schemaType.js:1373:12)
    at SchemaObjectId.SchemaType.castForQuery (D:\Project Sphere\Project-Sphere\backend\node_modules\mongoose\lib\schemaType.js:1793:17)
    at cast (D:\Project Sphere\Project-Sphere\backend\node_modules\mongoose\lib\cast.js:386:32)
    at model.Query.Query.cast (D:\Project Sphere\Project-Sphere\backend\node_modules\mongoose\lib\query.js:5228:12)
    at model.Query.Query._castConditions (D:\Project Sphere\Project-Sphere\backend\node_modules\mongoose\lib\query.js:2411:10)
    at model.Query._findOne (D:\Project Sphere\Project-Sphere\backend\node_modules\mongoose\lib\query.js:2758:8)
    at maybeTracedQueryExec (D:\Project Sphere\Project-Sphere\backend\node_modules\mongoose\lib\query.js:4801:83)
    at processTicksAndRejections (node:internal/process/task_queues:95:5)
    at getCategoryById (D:\Project Sphere\Project-Sphere\backend\controllers\categoryController.js:48:7)
[2026-07-19 02:02:10] INFO: GET /api/categories/invalid-id 400 16.068 ms - - bytes
[2026-07-19 02:05:40] INFO: POST /api/auth/register 201 297.086 ms - - bytes
[2026-07-19 02:05:40] INFO: POST /api/auth/register 201 198.317 ms - - bytes
[2026-07-19 02:05:41] INFO: POST /api/auth/login 200 201.598 ms - - bytes
[2026-07-19 02:05:41] INFO: POST /api/auth/login 200 194.998 ms - - bytes
[2026-07-19 02:05:41] INFO: POST /api/categories 201 9.725 ms - - bytes
[2026-07-19 02:05:41] INFO: POST /api/auth/register 201 227.186 ms - - bytes
[2026-07-19 02:05:41] INFO: POST /api/auth/register 201 192.664 ms - - bytes
[2026-07-19 02:05:41] INFO: POST /api/auth/login 200 191.116 ms - - bytes
[2026-07-19 02:05:42] INFO: POST /api/auth/login 200 190.022 ms - - bytes
[2026-07-19 02:05:42] INFO: POST /api/categories 403 2.906 ms - - bytes
[2026-07-19 02:05:42] INFO: POST /api/auth/register 201 213.149 ms - - bytes
[2026-07-19 02:05:42] INFO: POST /api/auth/register 201 197.848 ms - - bytes
[2026-07-19 02:05:42] INFO: POST /api/auth/login 200 190.777 ms - - bytes
[2026-07-19 02:05:43] INFO: POST /api/auth/login 200 189.832 ms - - bytes
[2026-07-19 02:05:43] INFO: POST /api/categories 401 0.410 ms - - bytes
[2026-07-19 02:05:43] INFO: POST /api/auth/register 201 219.013 ms - - bytes
[2026-07-19 02:05:43] INFO: POST /api/auth/register 201 197.927 ms - - bytes
[2026-07-19 02:05:43] INFO: POST /api/auth/login 200 193.683 ms - - bytes
[2026-07-19 02:05:43] INFO: POST /api/auth/login 200 192.536 ms - - bytes
[2026-07-19 02:05:43] INFO: POST /api/categories 201 29.254 ms - - bytes
[2026-07-19 02:05:43] INFO: GET /api/categories 200 6.868 ms - - bytes
[2026-07-19 02:05:44] INFO: POST /api/auth/register 201 221.719 ms - - bytes
[2026-07-19 02:05:44] INFO: POST /api/auth/register 201 192.546 ms - - bytes
[2026-07-19 02:05:44] INFO: POST /api/auth/login 200 193.352 ms - - bytes
[2026-07-19 02:05:44] INFO: POST /api/auth/login 200 190.880 ms - - bytes
[2026-07-19 02:05:44] INFO: POST /api/categories 201 25.581 ms - - bytes
[2026-07-19 02:05:44] INFO: GET /api/categories/6a5be3a068d1abd838462290 200 5.146 ms - - bytes
[2026-07-19 02:05:45] INFO: POST /api/auth/register 201 212.165 ms - - bytes
[2026-07-19 02:05:45] INFO: POST /api/auth/register 201 192.262 ms - - bytes
[2026-07-19 02:05:45] INFO: POST /api/auth/login 200 190.256 ms - - bytes
[2026-07-19 02:05:45] INFO: POST /api/auth/login 200 191.832 ms - - bytes
[2026-07-19 02:05:45] INFO: POST /api/categories 201 28.167 ms - - bytes
[2026-07-19 02:05:45] INFO: GET /api/categories/6a5be3a168d1abd838462294 404 3.182 ms - - bytes
[2026-07-19 02:05:46] INFO: POST /api/auth/register 201 213.038 ms - - bytes
[2026-07-19 02:05:46] INFO: POST /api/auth/register 201 193.888 ms - - bytes
[2026-07-19 02:05:46] INFO: POST /api/auth/login 200 191.158 ms - - bytes
[2026-07-19 02:05:46] INFO: POST /api/auth/login 200 192.691 ms - - bytes
[2026-07-19 02:05:46] INFO: POST /api/categories 201 28.907 ms - - bytes
[2026-07-19 02:05:46] ERROR: CastError: Cast to ObjectId failed for value "invalid-id" (type string) at path "_id" for model "Category"
    at SchemaObjectId.cast (D:\Project Sphere\Project-Sphere\backend\node_modules\mongoose\lib\schema\objectId.js:252:11)
    at SchemaObjectId.SchemaType.applySetters (D:\Project Sphere\Project-Sphere\backend\node_modules\mongoose\lib\schemaType.js:1373:12)
    at SchemaObjectId.SchemaType.castForQuery (D:\Project Sphere\Project-Sphere\backend\node_modules\mongoose\lib\schemaType.js:1793:17)
    at cast (D:\Project Sphere\Project-Sphere\backend\node_modules\mongoose\lib\cast.js:386:32)
    at model.Query.Query.cast (D:\Project Sphere\Project-Sphere\backend\node_modules\mongoose\lib\query.js:5228:12)
    at model.Query.Query._castConditions (D:\Project Sphere\Project-Sphere\backend\node_modules\mongoose\lib\query.js:2411:10)
    at model.Query._findOne (D:\Project Sphere\Project-Sphere\backend\node_modules\mongoose\lib\query.js:2758:8)
    at maybeTracedQueryExec (D:\Project Sphere\Project-Sphere\backend\node_modules\mongoose\lib\query.js:4801:83)
    at processTicksAndRejections (node:internal/process/task_queues:95:5)
    at getCategoryById (D:\Project Sphere\Project-Sphere\backend\controllers\categoryController.js:48:7)
[2026-07-19 02:05:46] INFO: GET /api/categories/invalid-id 400 13.078 ms - - bytes
[2026-07-19 02:05:46] INFO: POST /api/auth/register 201 210.795 ms - - bytes
[2026-07-19 02:05:47] INFO: POST /api/auth/register 201 193.416 ms - - bytes
[2026-07-19 02:05:47] INFO: POST /api/auth/login 200 190.643 ms - - bytes
[2026-07-19 02:05:47] INFO: POST /api/auth/login 200 191.060 ms - - bytes
[2026-07-19 02:05:47] INFO: POST /api/categories 201 25.724 ms - - bytes
[2026-07-19 02:05:47] INFO: PUT /api/categories/6a5be3a368d1abd83846229a 200 36.330 ms - - bytes
[2026-07-19 02:05:47] INFO: POST /api/auth/register 201 215.044 ms - - bytes
[2026-07-19 02:05:48] INFO: POST /api/auth/register 201 196.209 ms - - bytes
[2026-07-19 02:05:48] INFO: POST /api/auth/login 200 191.982 ms - - bytes
[2026-07-19 02:05:48] INFO: POST /api/auth/login 200 188.835 ms - - bytes
[2026-07-19 02:05:48] INFO: POST /api/categories 201 29.461 ms - - bytes
[2026-07-19 02:05:48] INFO: PUT /api/categories/6a5be3a468d1abd83846229d 403 2.882 ms - - bytes
[2026-07-19 02:05:48] INFO: POST /api/auth/register 201 318.478 ms - - bytes
[2026-07-19 02:05:49] INFO: POST /api/auth/register 201 190.530 ms - - bytes
[2026-07-19 02:05:49] INFO: POST /api/auth/login 200 191.734 ms - - bytes
[2026-07-19 02:05:49] INFO: POST /api/auth/login 200 190.156 ms - - bytes
[2026-07-19 02:05:49] INFO: POST /api/categories 201 27.890 ms - - bytes
[2026-07-19 02:05:49] INFO: PUT /api/categories/6a5be3a568d1abd8384622a0 401 0.420 ms - - bytes
[2026-07-19 02:05:49] INFO: POST /api/auth/register 201 213.471 ms - - bytes
[2026-07-19 02:05:49] INFO: POST /api/auth/register 201 192.248 ms - - bytes
[2026-07-19 02:05:50] INFO: POST /api/auth/login 200 191.866 ms - - bytes
[2026-07-19 02:05:50] INFO: POST /api/auth/login 200 190.217 ms - - bytes
[2026-07-19 02:05:50] INFO: POST /api/categories 201 28.308 ms - - bytes
[2026-07-19 02:05:50] INFO: PUT /api/categories/6a5be3a668d1abd8384622a4 404 5.301 ms - - bytes
[2026-07-19 02:05:50] INFO: POST /api/auth/register 201 214.431 ms - - bytes
[2026-07-19 02:05:50] INFO: POST /api/auth/register 201 193.651 ms - - bytes
[2026-07-19 02:05:51] INFO: POST /api/auth/login 200 190.425 ms - - bytes
[2026-07-19 02:05:51] INFO: POST /api/auth/login 200 192.426 ms - - bytes
[2026-07-19 02:05:51] INFO: POST /api/categories 201 38.511 ms - - bytes
[2026-07-19 02:05:51] ERROR: CastError: Cast to ObjectId failed for value "invalid-id" (type string) at path "_id" for model "Category"
    at SchemaObjectId.cast (D:\Project Sphere\Project-Sphere\backend\node_modules\mongoose\lib\schema\objectId.js:252:11)
    at SchemaObjectId.SchemaType.applySetters (D:\Project Sphere\Project-Sphere\backend\node_modules\mongoose\lib\schemaType.js:1373:12)
    at SchemaObjectId.SchemaType.castForQuery (D:\Project Sphere\Project-Sphere\backend\node_modules\mongoose\lib\schemaType.js:1793:17)
    at cast (D:\Project Sphere\Project-Sphere\backend\node_modules\mongoose\lib\cast.js:386:32)
    at model.Query.Query.cast (D:\Project Sphere\Project-Sphere\backend\node_modules\mongoose\lib\query.js:5228:12)
    at model.Query.Query._castConditions (D:\Project Sphere\Project-Sphere\backend\node_modules\mongoose\lib\query.js:2411:10)
    at model.Query._findOneAndUpdate (D:\Project Sphere\Project-Sphere\backend\node_modules\mongoose\lib\query.js:3557:8)
    at maybeTracedQueryExec (D:\Project Sphere\Project-Sphere\backend\node_modules\mongoose\lib\query.js:4801:83)
    at processTicksAndRejections (node:internal/process/task_queues:95:5)
    at updateCategory (D:\Project Sphere\Project-Sphere\backend\controllers\categoryController.js:76:7)
[2026-07-19 02:05:51] INFO: PUT /api/categories/invalid-id 400 5.018 ms - - bytes
[2026-07-19 02:05:51] INFO: POST /api/auth/register 201 220.938 ms - - bytes
[2026-07-19 02:05:51] INFO: POST /api/auth/register 201 197.933 ms - - bytes
[2026-07-19 02:05:51] INFO: POST /api/auth/login 200 192.215 ms - - bytes
[2026-07-19 02:05:52] INFO: POST /api/auth/login 200 192.354 ms - - bytes
[2026-07-19 02:05:52] INFO: POST /api/categories 201 22.656 ms - - bytes
[2026-07-19 02:05:52] INFO: DELETE /api/categories/6a5be3a868d1abd8384622aa 200 7.533 ms - - bytes
[2026-07-19 02:05:52] INFO: GET /api/categories/6a5be3a868d1abd8384622aa 404 6.330 ms - - bytes
[2026-07-19 02:05:52] INFO: POST /api/auth/register 201 216.121 ms - - bytes
[2026-07-19 02:05:52] INFO: POST /api/auth/register 201 191.777 ms - - bytes
[2026-07-19 02:05:52] INFO: POST /api/auth/login 200 191.207 ms - - bytes
[2026-07-19 02:05:53] INFO: POST /api/auth/login 200 190.690 ms - - bytes
[2026-07-19 02:05:53] INFO: POST /api/categories 201 37.129 ms - - bytes
[2026-07-19 02:05:53] INFO: DELETE /api/categories/6a5be3a968d1abd8384622ad 403 2.972 ms - - bytes
[2026-07-19 02:05:53] INFO: POST /api/auth/register 201 211.446 ms - - bytes
[2026-07-19 02:05:53] INFO: POST /api/auth/register 201 192.235 ms - - bytes
[2026-07-19 02:05:53] INFO: POST /api/auth/login 200 192.151 ms - - bytes
[2026-07-19 02:05:54] INFO: POST /api/auth/login 200 191.376 ms - - bytes
[2026-07-19 02:05:54] INFO: POST /api/categories 201 25.494 ms - - bytes
[2026-07-19 02:05:54] INFO: DELETE /api/categories/6a5be3aa68d1abd8384622b0 401 0.426 ms - - bytes
[2026-07-19 02:05:54] INFO: POST /api/auth/register 201 213.199 ms - - bytes
[2026-07-19 02:05:54] INFO: POST /api/auth/register 201 190.725 ms - - bytes
[2026-07-19 02:05:54] INFO: POST /api/auth/login 200 191.734 ms - - bytes
[2026-07-19 02:05:54] INFO: POST /api/auth/login 200 190.988 ms - - bytes
[2026-07-19 02:05:54] INFO: POST /api/categories 201 29.539 ms - - bytes
[2026-07-19 02:05:54] INFO: DELETE /api/categories/6a5be3aa68d1abd8384622b4 404 4.508 ms - - bytes
[2026-07-19 02:05:55] INFO: POST /api/auth/register 201 208.114 ms - - bytes
[2026-07-19 02:05:55] INFO: POST /api/auth/register 201 192.115 ms - - bytes
[2026-07-19 02:05:55] INFO: POST /api/auth/login 200 187.866 ms - - bytes
[2026-07-19 02:05:55] INFO: POST /api/auth/login 200 191.028 ms - - bytes
[2026-07-19 02:05:55] INFO: POST /api/categories 201 32.019 ms - - bytes
[2026-07-19 02:05:55] ERROR: CastError: Cast to ObjectId failed for value "invalid-id" (type string) at path "_id" for model "Category"
    at SchemaObjectId.cast (D:\Project Sphere\Project-Sphere\backend\node_modules\mongoose\lib\schema\objectId.js:252:11)
    at SchemaObjectId.SchemaType.applySetters (D:\Project Sphere\Project-Sphere\backend\node_modules\mongoose\lib\schemaType.js:1373:12)
    at SchemaObjectId.SchemaType.castForQuery (D:\Project Sphere\Project-Sphere\backend\node_modules\mongoose\lib\schemaType.js:1793:17)
    at cast (D:\Project Sphere\Project-Sphere\backend\node_modules\mongoose\lib\cast.js:386:32)
    at model.Query.Query.cast (D:\Project Sphere\Project-Sphere\backend\node_modules\mongoose\lib\query.js:5228:12)
    at model.Query.Query._castConditions (D:\Project Sphere\Project-Sphere\backend\node_modules\mongoose\lib\query.js:2411:10)
    at model.Query._findOneAndDelete (D:\Project Sphere\Project-Sphere\backend\node_modules\mongoose\lib\query.js:3702:8)
    at maybeTracedQueryExec (D:\Project Sphere\Project-Sphere\backend\node_modules\mongoose\lib\query.js:4801:83)
    at processTicksAndRejections (node:internal/process/task_queues:95:5)
    at deleteCategory (D:\Project Sphere\Project-Sphere\backend\controllers\categoryController.js:111:7)
[2026-07-19 02:05:55] INFO: DELETE /api/categories/invalid-id 400 6.398 ms - - bytes
[2026-07-19 10:37:43] INFO: POST /api/auth/register 201 359.628 ms - - bytes
[2026-07-19 10:37:43] INFO: POST /api/auth/register 201 220.083 ms - - bytes
[2026-07-19 10:37:44] INFO: POST /api/auth/login 200 246.625 ms - - bytes
[2026-07-19 10:37:44] INFO: POST /api/auth/login 200 274.619 ms - - bytes
[2026-07-19 10:37:44] INFO: POST /api/categories 201 26.314 ms - - bytes
[2026-07-19 10:37:44] INFO: POST /api/services 201 32.014 ms - - bytes
[2026-07-19 10:37:44] INFO: POST /api/favorites 201 17.159 ms - - bytes
[2026-07-19 10:37:44] INFO: POST /api/auth/register 201 312.228 ms - - bytes
[2026-07-19 10:37:45] INFO: POST /api/auth/register 201 226.146 ms - - bytes
[2026-07-19 10:37:45] INFO: POST /api/auth/login 200 215.213 ms - - bytes
[2026-07-19 10:37:45] INFO: POST /api/auth/login 200 260.502 ms - - bytes
[2026-07-19 10:37:45] INFO: POST /api/categories 201 38.722 ms - - bytes
[2026-07-19 10:37:45] INFO: POST /api/services 201 48.091 ms - - bytes
[2026-07-19 10:37:45] INFO: POST /api/favorites 401 0.863 ms - - bytes
[2026-07-19 10:37:46] INFO: POST /api/auth/register 201 299.399 ms - - bytes
[2026-07-19 10:37:46] INFO: POST /api/auth/register 201 216.890 ms - - bytes
[2026-07-19 10:37:46] INFO: POST /api/auth/login 200 236.159 ms - - bytes
[2026-07-19 10:37:46] INFO: POST /api/auth/login 200 215.306 ms - - bytes
[2026-07-19 10:37:46] INFO: POST /api/categories 201 30.736 ms - - bytes
[2026-07-19 10:37:46] INFO: POST /api/services 201 43.392 ms - - bytes
[2026-07-19 10:37:46] INFO: POST /api/favorites 404 8.556 ms - - bytes
[2026-07-19 10:37:47] INFO: POST /api/auth/register 201 235.227 ms - - bytes
[2026-07-19 10:37:47] INFO: POST /api/auth/register 201 226.698 ms - - bytes
[2026-07-19 10:37:47] INFO: POST /api/auth/login 200 214.166 ms - - bytes
[2026-07-19 10:37:47] INFO: POST /api/auth/login 200 222.168 ms - - bytes
[2026-07-19 10:37:47] INFO: POST /api/categories 201 36.581 ms - - bytes
[2026-07-19 10:37:48] INFO: POST /api/services 201 41.152 ms - - bytes
[2026-07-19 10:37:48] ERROR: CastError: Cast to ObjectId failed for value "invalid-id" (type string) at path "_id" for model "Service"
    at SchemaObjectId.cast (D:\Project Sphere\Project-Sphere\backend\node_modules\mongoose\lib\schema\objectId.js:252:11)
    at SchemaObjectId.SchemaType.applySetters (D:\Project Sphere\Project-Sphere\backend\node_modules\mongoose\lib\schemaType.js:1373:12)
    at SchemaObjectId.SchemaType.castForQuery (D:\Project Sphere\Project-Sphere\backend\node_modules\mongoose\lib\schemaType.js:1793:17)
    at cast (D:\Project Sphere\Project-Sphere\backend\node_modules\mongoose\lib\cast.js:386:32)
    at model.Query.Query.cast (D:\Project Sphere\Project-Sphere\backend\node_modules\mongoose\lib\query.js:5228:12)
    at model.Query.Query._castConditions (D:\Project Sphere\Project-Sphere\backend\node_modules\mongoose\lib\query.js:2411:10)
    at model.Query._findOne (D:\Project Sphere\Project-Sphere\backend\node_modules\mongoose\lib\query.js:2758:8)
    at maybeTracedQueryExec (D:\Project Sphere\Project-Sphere\backend\node_modules\mongoose\lib\query.js:4801:83)
    at processTicksAndRejections (node:internal/process/task_queues:95:5)
    at addFavorite (D:\Project Sphere\Project-Sphere\backend\controllers\favoriteController.js:9:29)
[2026-07-19 10:37:48] INFO: POST /api/favorites 400 28.087 ms - - bytes
[2026-07-20 12:20:50] INFO: POST /api/auth/register 201 297.246 ms - - bytes
[2026-07-20 12:20:50] INFO: POST /api/auth/register 201 195.593 ms - - bytes
[2026-07-20 12:20:51] INFO: POST /api/auth/login 200 217.261 ms - - bytes
[2026-07-20 12:20:51] INFO: POST /api/auth/login 200 194.632 ms - - bytes
[2026-07-20 12:20:51] INFO: POST /api/categories 201 12.058 ms - - bytes
[2026-07-20 12:20:51] INFO: POST /api/services 201 27.816 ms - - bytes
[2026-07-20 12:20:51] INFO: POST /api/favorites 201 21.456 ms - - bytes
[2026-07-20 12:20:51] INFO: POST /api/auth/register 201 214.524 ms - - bytes
[2026-07-20 12:20:51] INFO: POST /api/auth/register 201 199.072 ms - - bytes
[2026-07-20 12:20:52] INFO: POST /api/auth/login 200 195.617 ms - - bytes
[2026-07-20 12:20:52] INFO: POST /api/auth/login 200 195.529 ms - - bytes
[2026-07-20 12:20:52] INFO: POST /api/categories 201 27.186 ms - - bytes
[2026-07-20 12:20:52] INFO: POST /api/services 201 36.565 ms - - bytes
[2026-07-20 12:20:52] INFO: POST /api/favorites 401 0.612 ms - - bytes
[2026-07-20 12:20:52] INFO: POST /api/auth/register 201 213.868 ms - - bytes
[2026-07-20 12:20:52] INFO: POST /api/auth/register 201 196.599 ms - - bytes
[2026-07-20 12:20:53] INFO: POST /api/auth/login 200 192.845 ms - - bytes
[2026-07-20 12:20:53] INFO: POST /api/auth/login 200 191.837 ms - - bytes
[2026-07-20 12:20:53] INFO: POST /api/categories 201 26.463 ms - - bytes
[2026-07-20 12:20:53] INFO: POST /api/services 201 33.836 ms - - bytes
[2026-07-20 12:20:53] INFO: POST /api/favorites 404 5.907 ms - - bytes
[2026-07-20 12:20:53] INFO: POST /api/auth/register 201 209.101 ms - - bytes
[2026-07-20 12:20:53] INFO: POST /api/auth/register 201 196.425 ms - - bytes
[2026-07-20 12:20:54] INFO: POST /api/auth/login 200 192.279 ms - - bytes
[2026-07-20 12:20:54] INFO: POST /api/auth/login 200 195.430 ms - - bytes
[2026-07-20 12:20:54] INFO: POST /api/categories 201 24.704 ms - - bytes
[2026-07-20 12:20:54] INFO: POST /api/services 201 30.645 ms - - bytes
[2026-07-20 12:20:54] ERROR: CastError: Cast to ObjectId failed for value "invalid-id" (type string) at path "_id" for model "Service"
    at SchemaObjectId.cast (D:\Project Sphere\Project-Sphere\backend\node_modules\mongoose\lib\schema\objectId.js:252:11)
    at SchemaObjectId.SchemaType.applySetters (D:\Project Sphere\Project-Sphere\backend\node_modules\mongoose\lib\schemaType.js:1373:12)
    at SchemaObjectId.SchemaType.castForQuery (D:\Project Sphere\Project-Sphere\backend\node_modules\mongoose\lib\schemaType.js:1793:17)
    at cast (D:\Project Sphere\Project-Sphere\backend\node_modules\mongoose\lib\cast.js:386:32)
    at model.Query.Query.cast (D:\Project Sphere\Project-Sphere\backend\node_modules\mongoose\lib\query.js:5228:12)
    at model.Query.Query._castConditions (D:\Project Sphere\Project-Sphere\backend\node_modules\mongoose\lib\query.js:2411:10)
    at model.Query._findOne (D:\Project Sphere\Project-Sphere\backend\node_modules\mongoose\lib\query.js:2758:8)
    at maybeTracedQueryExec (D:\Project Sphere\Project-Sphere\backend\node_modules\mongoose\lib\query.js:4801:83)
    at processTicksAndRejections (node:internal/process/task_queues:95:5)
    at addFavorite (D:\Project Sphere\Project-Sphere\backend\controllers\favoriteController.js:9:29)
[2026-07-20 12:20:54] INFO: POST /api/favorites 400 46.505 ms - - bytes
[2026-07-20 12:20:54] INFO: POST /api/auth/register 201 213.781 ms - - bytes
[2026-07-20 12:20:54] INFO: POST /api/auth/register 201 198.085 ms - - bytes
[2026-07-20 12:20:55] INFO: POST /api/auth/login 200 199.879 ms - - bytes
[2026-07-20 12:20:55] INFO: POST /api/auth/login 200 191.528 ms - - bytes
[2026-07-20 12:20:55] INFO: POST /api/categories 201 23.166 ms - - bytes
[2026-07-20 12:20:55] INFO: POST /api/services 201 28.144 ms - - bytes
[2026-07-20 12:20:55] INFO: POST /api/favorites 201 30.265 ms - - bytes
[2026-07-20 12:20:55] INFO: GET /api/favorites 200 34.686 ms - - bytes
[2026-07-20 12:20:55] INFO: POST /api/auth/register 201 211.687 ms - - bytes
[2026-07-20 12:20:55] INFO: POST /api/auth/register 201 193.676 ms - - bytes
[2026-07-20 12:20:56] INFO: POST /api/auth/login 200 192.525 ms - - bytes
[2026-07-20 12:20:56] INFO: POST /api/auth/login 200 205.664 ms - - bytes
[2026-07-20 12:20:56] INFO: POST /api/categories 201 30.409 ms - - bytes
[2026-07-20 12:20:56] INFO: POST /api/services 201 31.703 ms - - bytes
[2026-07-20 12:20:56] INFO: POST /api/favorites 201 33.945 ms - - bytes
[2026-07-20 12:20:56] INFO: POST /api/auth/register 201 215.114 ms - - bytes
[2026-07-20 12:20:56] INFO: POST /api/auth/login 200 194.929 ms - - bytes
[2026-07-20 12:20:56] INFO: GET /api/favorites 200 6.444 ms - - bytes
[2026-07-20 12:20:57] INFO: POST /api/auth/register 201 234.536 ms - - bytes
[2026-07-20 12:20:57] INFO: POST /api/auth/register 201 192.474 ms - - bytes
[2026-07-20 12:20:57] INFO: POST /api/auth/login 200 193.182 ms - - bytes
[2026-07-20 12:20:57] INFO: POST /api/auth/login 200 191.380 ms - - bytes
[2026-07-20 12:20:57] INFO: POST /api/categories 201 31.171 ms - - bytes
[2026-07-20 12:20:57] INFO: POST /api/services 201 32.664 ms - - bytes
[2026-07-20 12:20:57] INFO: POST /api/favorites 201 30.345 ms - - bytes
[2026-07-20 12:20:57] INFO: GET /api/favorites 401 0.532 ms - - bytes
[2026-07-20 12:20:58] INFO: POST /api/auth/register 201 209.566 ms - - bytes
[2026-07-20 12:20:58] INFO: POST /api/auth/register 201 193.152 ms - - bytes
[2026-07-20 12:20:58] INFO: POST /api/auth/login 200 191.524 ms - - bytes
[2026-07-20 12:20:58] INFO: POST /api/auth/login 200 189.770 ms - - bytes
[2026-07-20 12:20:58] INFO: POST /api/categories 201 28.743 ms - - bytes
[2026-07-20 12:20:58] INFO: POST /api/services 201 33.050 ms - - bytes
[2026-07-20 12:20:58] INFO: POST /api/favorites 201 30.081 ms - - bytes
[2026-07-20 12:20:58] INFO: DELETE /api/favorites/6a5dc552858ba6a69c7c1d68 200 18.290 ms - - bytes
[2026-07-20 12:20:59] INFO: POST /api/auth/register 201 224.068 ms - - bytes
[2026-07-20 12:20:59] INFO: POST /api/auth/register 201 192.035 ms - - bytes
[2026-07-20 12:20:59] INFO: POST /api/auth/login 200 191.517 ms - - bytes
[2026-07-20 12:20:59] INFO: POST /api/auth/login 200 193.346 ms - - bytes
[2026-07-20 12:20:59] INFO: POST /api/categories 201 26.823 ms - - bytes
[2026-07-20 12:20:59] INFO: POST /api/services 201 31.184 ms - - bytes
[2026-07-20 12:20:59] INFO: POST /api/favorites 201 30.216 ms - - bytes
[2026-07-20 12:20:59] INFO: DELETE /api/favorites/6a5dc553858ba6a69c7c1d6d 200 7.501 ms - - bytes
[2026-07-20 12:20:59] INFO: DELETE /api/favorites/6a5dc553858ba6a69c7c1d6d 404 7.118 ms - - bytes
[2026-07-20 12:21:00] INFO: POST /api/auth/register 201 211.503 ms - - bytes
[2026-07-20 12:21:00] INFO: POST /api/auth/register 201 194.112 ms - - bytes
[2026-07-20 12:21:00] INFO: POST /api/auth/login 200 188.950 ms - - bytes
[2026-07-20 12:21:00] INFO: POST /api/auth/login 200 190.861 ms - - bytes
[2026-07-20 12:21:00] INFO: POST /api/categories 201 26.945 ms - - bytes
[2026-07-20 12:21:00] INFO: POST /api/services 201 36.293 ms - - bytes
[2026-07-20 12:21:00] INFO: POST /api/favorites 201 38.612 ms - - bytes
[2026-07-20 12:21:00] INFO: DELETE /api/favorites/6a5dc554858ba6a69c7c1d72 401 1.171 ms - - bytes
[2026-07-20 12:21:01] INFO: POST /api/auth/register 201 215.954 ms - - bytes
[2026-07-20 12:21:01] INFO: POST /api/auth/register 201 190.786 ms - - bytes
[2026-07-20 12:21:01] INFO: POST /api/auth/login 200 189.757 ms - - bytes
[2026-07-20 12:21:01] INFO: POST /api/auth/login 200 189.450 ms - - bytes
[2026-07-20 12:21:01] INFO: POST /api/categories 201 28.743 ms - - bytes
[2026-07-20 12:21:01] INFO: POST /api/services 201 34.405 ms - - bytes
[2026-07-20 12:21:01] INFO: POST /api/favorites 201 26.837 ms - - bytes
[2026-07-20 12:21:01] ERROR: CastError: Cast to ObjectId failed for value "invalid-id" (type string) at path "service" for model "Favorite"
    at SchemaObjectId.cast (D:\Project Sphere\Project-Sphere\backend\node_modules\mongoose\lib\schema\objectId.js:252:11)
    at SchemaObjectId.SchemaType.applySetters (D:\Project Sphere\Project-Sphere\backend\node_modules\mongoose\lib\schemaType.js:1373:12)
    at SchemaObjectId.SchemaType.castForQuery (D:\Project Sphere\Project-Sphere\backend\node_modules\mongoose\lib\schemaType.js:1793:17)
    at cast (D:\Project Sphere\Project-Sphere\backend\node_modules\mongoose\lib\cast.js:386:32)
    at model.Query.Query.cast (D:\Project Sphere\Project-Sphere\backend\node_modules\mongoose\lib\query.js:5228:12)
    at model.Query.Query._castConditions (D:\Project Sphere\Project-Sphere\backend\node_modules\mongoose\lib\query.js:2411:10)
    at model.Query._findOneAndDelete (D:\Project Sphere\Project-Sphere\backend\node_modules\mongoose\lib\query.js:3702:8)
    at maybeTracedQueryExec (D:\Project Sphere\Project-Sphere\backend\node_modules\mongoose\lib\query.js:4801:83)
    at processTicksAndRejections (node:internal/process/task_queues:95:5)
    at removeFavorite (D:\Project Sphere\Project-Sphere\backend\controllers\favoriteController.js:66:22)
[2026-07-20 12:21:01] INFO: DELETE /api/favorites/invalid-id 400 7.812 ms - - bytes
[2026-07-20 12:21:35] INFO: POST /api/auth/register 201 275.094 ms - - bytes
[2026-07-20 12:21:35] INFO: POST /api/auth/register 201 197.584 ms - - bytes
[2026-07-20 12:21:35] INFO: POST /api/auth/login 200 198.584 ms - - bytes
[2026-07-20 12:21:36] INFO: POST /api/auth/login 200 194.637 ms - - bytes
[2026-07-20 12:21:36] INFO: POST /api/categories 201 9.605 ms - - bytes
[2026-07-20 12:21:36] INFO: POST /api/services 201 25.040 ms - - bytes
[2026-07-20 12:21:36] INFO: POST /api/favorites 201 14.065 ms - - bytes
[2026-07-20 12:21:36] INFO: POST /api/auth/register 201 214.004 ms - - bytes
[2026-07-20 12:21:36] INFO: POST /api/auth/register 201 192.832 ms - - bytes
[2026-07-20 12:21:36] INFO: POST /api/auth/login 200 190.896 ms - - bytes
[2026-07-20 12:21:37] INFO: POST /api/auth/login 200 191.316 ms - - bytes
[2026-07-20 12:21:37] INFO: POST /api/categories 201 23.055 ms - - bytes
[2026-07-20 12:21:37] INFO: POST /api/services 201 31.694 ms - - bytes
[2026-07-20 12:21:37] INFO: POST /api/favorites 401 0.619 ms - - bytes
[2026-07-20 12:21:37] INFO: POST /api/auth/register 201 215.286 ms - - bytes
[2026-07-20 12:21:37] INFO: POST /api/auth/register 201 196.095 ms - - bytes
[2026-07-20 12:21:37] INFO: POST /api/auth/login 200 191.781 ms - - bytes
[2026-07-20 12:21:38] INFO: POST /api/auth/login 200 210.618 ms - - bytes
[2026-07-20 12:21:38] INFO: POST /api/categories 201 32.868 ms - - bytes
[2026-07-20 12:21:38] INFO: POST /api/services 201 30.785 ms - - bytes
[2026-07-20 12:21:38] INFO: POST /api/favorites 404 5.539 ms - - bytes
[2026-07-20 12:21:38] INFO: POST /api/auth/register 201 224.824 ms - - bytes
[2026-07-20 12:21:38] INFO: POST /api/auth/register 201 191.718 ms - - bytes
[2026-07-20 12:21:38] INFO: POST /api/auth/login 200 193.267 ms - - bytes
[2026-07-20 12:21:39] INFO: POST /api/auth/login 200 190.922 ms - - bytes
[2026-07-20 12:21:39] INFO: POST /api/categories 201 27.601 ms - - bytes
[2026-07-20 12:21:39] INFO: POST /api/services 201 32.276 ms - - bytes
[2026-07-20 12:21:39] ERROR: CastError: Cast to ObjectId failed for value "invalid-id" (type string) at path "_id" for model "Service"
    at SchemaObjectId.cast (D:\Project Sphere\Project-Sphere\backend\node_modules\mongoose\lib\schema\objectId.js:252:11)
    at SchemaObjectId.SchemaType.applySetters (D:\Project Sphere\Project-Sphere\backend\node_modules\mongoose\lib\schemaType.js:1373:12)
    at SchemaObjectId.SchemaType.castForQuery (D:\Project Sphere\Project-Sphere\backend\node_modules\mongoose\lib\schemaType.js:1793:17)
    at cast (D:\Project Sphere\Project-Sphere\backend\node_modules\mongoose\lib\cast.js:386:32)
    at model.Query.Query.cast (D:\Project Sphere\Project-Sphere\backend\node_modules\mongoose\lib\query.js:5228:12)
    at model.Query.Query._castConditions (D:\Project Sphere\Project-Sphere\backend\node_modules\mongoose\lib\query.js:2411:10)
    at model.Query._findOne (D:\Project Sphere\Project-Sphere\backend\node_modules\mongoose\lib\query.js:2758:8)
    at maybeTracedQueryExec (D:\Project Sphere\Project-Sphere\backend\node_modules\mongoose\lib\query.js:4801:83)
    at processTicksAndRejections (node:internal/process/task_queues:95:5)
    at addFavorite (D:\Project Sphere\Project-Sphere\backend\controllers\favoriteController.js:9:29)
[2026-07-20 12:21:39] INFO: POST /api/favorites 400 14.985 ms - - bytes
[2026-07-20 12:21:39] INFO: POST /api/auth/register 201 210.957 ms - - bytes
[2026-07-20 12:21:39] INFO: POST /api/auth/register 201 190.503 ms - - bytes
[2026-07-20 12:21:39] INFO: POST /api/auth/login 200 190.388 ms - - bytes
[2026-07-20 12:21:39] INFO: POST /api/auth/login 200 190.136 ms - - bytes
[2026-07-20 12:21:40] INFO: POST /api/categories 201 29.928 ms - - bytes
[2026-07-20 12:21:40] INFO: POST /api/services 201 25.211 ms - - bytes
[2026-07-20 12:21:40] INFO: POST /api/favorites 201 29.273 ms - - bytes
[2026-07-20 12:21:40] INFO: GET /api/favorites 200 23.557 ms - - bytes
[2026-07-20 12:21:40] INFO: POST /api/auth/register 201 214.516 ms - - bytes
[2026-07-20 12:21:40] INFO: POST /api/auth/register 201 189.941 ms - - bytes
[2026-07-20 12:21:40] INFO: POST /api/auth/login 200 190.167 ms - - bytes
[2026-07-20 12:21:40] INFO: POST /api/auth/login 200 191.137 ms - - bytes
[2026-07-20 12:21:41] INFO: POST /api/categories 201 26.633 ms - - bytes
[2026-07-20 12:21:41] INFO: POST /api/services 201 30.089 ms - - bytes
[2026-07-20 12:21:41] INFO: POST /api/favorites 201 33.531 ms - - bytes
[2026-07-20 12:21:41] INFO: POST /api/auth/register 201 189.935 ms - - bytes
[2026-07-20 12:21:41] INFO: POST /api/auth/login 200 192.119 ms - - bytes
[2026-07-20 12:21:41] INFO: GET /api/favorites 200 9.355 ms - - bytes
[2026-07-20 12:21:41] INFO: POST /api/auth/register 201 213.564 ms - - bytes
[2026-07-20 12:21:41] INFO: POST /api/auth/register 201 193.452 ms - - bytes
[2026-07-20 12:21:42] INFO: POST /api/auth/login 200 190.984 ms - - bytes
[2026-07-20 12:21:42] INFO: POST /api/auth/login 200 189.260 ms - - bytes
[2026-07-20 12:21:42] INFO: POST /api/categories 201 24.777 ms - - bytes
[2026-07-20 12:21:42] INFO: POST /api/services 201 27.543 ms - - bytes
[2026-07-20 12:21:42] INFO: POST /api/favorites 201 27.587 ms - - bytes
[2026-07-20 12:21:42] INFO: GET /api/favorites 401 0.425 ms - - bytes
[2026-07-20 12:21:42] INFO: POST /api/auth/register 201 211.727 ms - - bytes
[2026-07-20 12:21:42] INFO: POST /api/auth/register 201 190.480 ms - - bytes
[2026-07-20 12:21:43] INFO: POST /api/auth/login 200 190.730 ms - - bytes
[2026-07-20 12:21:43] INFO: POST /api/auth/login 200 189.358 ms - - bytes
[2026-07-20 12:21:43] INFO: POST /api/categories 201 28.693 ms - - bytes
[2026-07-20 12:21:43] INFO: POST /api/services 201 35.165 ms - - bytes
[2026-07-20 12:21:43] INFO: POST /api/favorites 201 31.320 ms - - bytes
[2026-07-20 12:21:43] INFO: DELETE /api/favorites/6a5dc57f08a818931a301037 200 12.898 ms - - bytes
[2026-07-20 12:21:43] INFO: POST /api/auth/register 201 208.174 ms - - bytes
[2026-07-20 12:21:43] INFO: POST /api/auth/register 201 191.811 ms - - bytes
[2026-07-20 12:21:44] INFO: POST /api/auth/login 200 191.796 ms - - bytes
[2026-07-20 12:21:44] INFO: POST /api/auth/login 200 195.070 ms - - bytes
[2026-07-20 12:21:44] INFO: POST /api/categories 201 28.128 ms - - bytes
[2026-07-20 12:21:44] INFO: POST /api/services 201 26.746 ms - - bytes
[2026-07-20 12:21:44] INFO: POST /api/favorites 201 28.268 ms - - bytes
[2026-07-20 12:21:44] INFO: DELETE /api/favorites/6a5dc58008a818931a30103c 200 7.167 ms - - bytes
[2026-07-20 12:21:44] INFO: DELETE /api/favorites/6a5dc58008a818931a30103c 404 6.516 ms - - bytes
[2026-07-20 12:21:44] INFO: POST /api/auth/register 201 239.807 ms - - bytes
[2026-07-20 12:21:44] INFO: POST /api/auth/register 201 190.468 ms - - bytes
[2026-07-20 12:21:45] INFO: POST /api/auth/login 200 193.873 ms - - bytes
[2026-07-20 12:21:45] INFO: POST /api/auth/login 200 188.685 ms - - bytes
[2026-07-20 12:21:45] INFO: POST /api/categories 201 27.211 ms - - bytes
[2026-07-20 12:21:45] INFO: POST /api/services 201 26.868 ms - - bytes
[2026-07-20 12:21:45] INFO: POST /api/favorites 201 25.373 ms - - bytes
[2026-07-20 12:21:45] INFO: DELETE /api/favorites/6a5dc58108a818931a301041 401 0.432 ms - - bytes
[2026-07-20 12:21:45] INFO: POST /api/auth/register 201 225.199 ms - - bytes
[2026-07-20 12:21:45] INFO: POST /api/auth/register 201 190.441 ms - - bytes
[2026-07-20 12:21:46] INFO: POST /api/auth/login 200 187.522 ms - - bytes
[2026-07-20 12:21:46] INFO: POST /api/auth/login 200 188.067 ms - - bytes
[2026-07-20 12:21:46] INFO: POST /api/categories 201 27.206 ms - - bytes
[2026-07-20 12:21:46] INFO: POST /api/services 201 30.802 ms - - bytes
[2026-07-20 12:21:46] INFO: POST /api/favorites 201 31.062 ms - - bytes
[2026-07-20 12:21:46] ERROR: CastError: Cast to ObjectId failed for value "invalid-id" (type string) at path "service" for model "Favorite"
    at SchemaObjectId.cast (D:\Project Sphere\Project-Sphere\backend\node_modules\mongoose\lib\schema\objectId.js:252:11)
    at SchemaObjectId.SchemaType.applySetters (D:\Project Sphere\Project-Sphere\backend\node_modules\mongoose\lib\schemaType.js:1373:12)
    at SchemaObjectId.SchemaType.castForQuery (D:\Project Sphere\Project-Sphere\backend\node_modules\mongoose\lib\schemaType.js:1793:17)
    at cast (D:\Project Sphere\Project-Sphere\backend\node_modules\mongoose\lib\cast.js:386:32)
    at model.Query.Query.cast (D:\Project Sphere\Project-Sphere\backend\node_modules\mongoose\lib\query.js:5228:12)
    at model.Query.Query._castConditions (D:\Project Sphere\Project-Sphere\backend\node_modules\mongoose\lib\query.js:2411:10)
    at model.Query._findOneAndDelete (D:\Project Sphere\Project-Sphere\backend\node_modules\mongoose\lib\query.js:3702:8)
    at maybeTracedQueryExec (D:\Project Sphere\Project-Sphere\backend\node_modules\mongoose\lib\query.js:4801:83)
    at processTicksAndRejections (node:internal/process/task_queues:95:5)
    at removeFavorite (D:\Project Sphere\Project-Sphere\backend\controllers\favoriteController.js:66:22)
[2026-07-20 12:21:46] INFO: DELETE /api/favorites/invalid-id 400 5.241 ms - - bytes
[2026-07-20 12:32:57] INFO: POST /api/auth/register 201 285.757 ms - - bytes
[2026-07-20 12:32:58] INFO: POST /api/auth/register 201 201.765 ms - - bytes
[2026-07-20 12:32:58] INFO: POST /api/auth/login 200 201.654 ms - - bytes
[2026-07-20 12:32:58] INFO: POST /api/auth/login 200 192.094 ms - - bytes
[2026-07-20 12:32:58] INFO: POST /api/categories 201 13.637 ms - - bytes
[2026-07-20 12:32:58] INFO: POST /api/services 201 33.578 ms - - bytes
[2026-07-20 12:32:58] INFO: POST /api/favorites 400 38.187 ms - - bytes
[2026-07-20 12:32:58] INFO: POST /api/auth/register 201 214.891 ms - - bytes
[2026-07-20 12:32:59] INFO: POST /api/auth/register 201 195.472 ms - - bytes
[2026-07-20 12:32:59] INFO: POST /api/auth/login 200 195.549 ms - - bytes
[2026-07-20 12:32:59] INFO: POST /api/auth/login 200 189.318 ms - - bytes
[2026-07-20 12:32:59] INFO: POST /api/categories 201 26.274 ms - - bytes
[2026-07-20 12:32:59] INFO: POST /api/services 201 36.240 ms - - bytes
[2026-07-20 12:32:59] INFO: POST /api/favorites 401 1.726 ms - - bytes
[2026-07-20 12:32:59] INFO: POST /api/auth/register 201 217.619 ms - - bytes
[2026-07-20 12:33:00] INFO: POST /api/auth/register 201 190.925 ms - - bytes
[2026-07-20 12:33:00] INFO: POST /api/auth/login 200 190.939 ms - - bytes
[2026-07-20 12:33:00] INFO: POST /api/auth/login 200 188.287 ms - - bytes
[2026-07-20 12:33:00] INFO: POST /api/categories 201 26.951 ms - - bytes
[2026-07-20 12:33:00] INFO: POST /api/services 201 33.568 ms - - bytes
[2026-07-20 12:33:00] INFO: POST /api/favorites 404 6.388 ms - - bytes
[2026-07-20 12:33:00] INFO: POST /api/auth/register 201 225.549 ms - - bytes
[2026-07-20 12:33:01] INFO: POST /api/auth/register 201 194.196 ms - - bytes
[2026-07-20 12:33:01] INFO: POST /api/auth/login 200 192.039 ms - - bytes
[2026-07-20 12:33:01] INFO: POST /api/auth/login 200 189.770 ms - - bytes
[2026-07-20 12:33:01] INFO: POST /api/categories 201 27.199 ms - - bytes
[2026-07-20 12:33:01] INFO: POST /api/services 201 30.288 ms - - bytes
[2026-07-20 12:33:01] ERROR: CastError: Cast to ObjectId failed for value "invalid-id" (type string) at path "_id" for model "Service"
    at SchemaObjectId.cast (D:\Project Sphere\Project-Sphere\backend\node_modules\mongoose\lib\schema\objectId.js:252:11)
    at SchemaObjectId.SchemaType.applySetters (D:\Project Sphere\Project-Sphere\backend\node_modules\mongoose\lib\schemaType.js:1373:12)
    at SchemaObjectId.SchemaType.castForQuery (D:\Project Sphere\Project-Sphere\backend\node_modules\mongoose\lib\schemaType.js:1793:17)
    at cast (D:\Project Sphere\Project-Sphere\backend\node_modules\mongoose\lib\cast.js:386:32)
    at model.Query.Query.cast (D:\Project Sphere\Project-Sphere\backend\node_modules\mongoose\lib\query.js:5228:12)
    at model.Query.Query._castConditions (D:\Project Sphere\Project-Sphere\backend\node_modules\mongoose\lib\query.js:2411:10)
    at model.Query._findOne (D:\Project Sphere\Project-Sphere\backend\node_modules\mongoose\lib\query.js:2758:8)
    at maybeTracedQueryExec (D:\Project Sphere\Project-Sphere\backend\node_modules\mongoose\lib\query.js:4801:83)
    at processTicksAndRejections (node:internal/process/task_queues:95:5)
    at addFavorite (D:\Project Sphere\Project-Sphere\backend\controllers\favoriteController.js:9:29)
[2026-07-20 12:33:01] INFO: POST /api/favorites 400 19.766 ms - - bytes
[2026-07-20 12:33:01] INFO: POST /api/auth/register 201 213.088 ms - - bytes
[2026-07-20 12:33:02] INFO: POST /api/auth/register 201 192.850 ms - - bytes
[2026-07-20 12:33:02] INFO: POST /api/auth/login 200 190.975 ms - - bytes
[2026-07-20 12:33:02] INFO: POST /api/auth/login 200 193.341 ms - - bytes
[2026-07-20 12:33:02] INFO: POST /api/categories 201 25.882 ms - - bytes
[2026-07-20 12:33:02] INFO: POST /api/services 201 29.616 ms - - bytes
[2026-07-20 12:33:02] INFO: POST /api/favorites 400 31.998 ms - - bytes
[2026-07-20 12:33:02] INFO: GET /api/favorites 200 24.692 ms - - bytes
[2026-07-20 12:33:02] INFO: POST /api/auth/register 201 208.654 ms - - bytes
[2026-07-20 12:33:03] INFO: POST /api/auth/register 201 192.304 ms - - bytes
[2026-07-20 12:33:03] INFO: POST /api/auth/login 200 189.255 ms - - bytes
[2026-07-20 12:33:03] INFO: POST /api/auth/login 200 188.343 ms - - bytes
[2026-07-20 12:33:03] INFO: POST /api/categories 201 26.928 ms - - bytes
[2026-07-20 12:33:03] INFO: POST /api/services 201 27.407 ms - - bytes
[2026-07-20 12:33:03] INFO: POST /api/favorites 400 32.211 ms - - bytes
[2026-07-20 12:33:03] INFO: POST /api/auth/register 201 197.849 ms - - bytes
[2026-07-20 12:33:03] INFO: POST /api/auth/login 200 190.415 ms - - bytes
[2026-07-20 12:33:03] INFO: GET /api/favorites 200 7.699 ms - - bytes
[2026-07-20 12:33:04] INFO: POST /api/auth/register 201 211.569 ms - - bytes
[2026-07-20 12:33:04] INFO: POST /api/auth/register 201 192.386 ms - - bytes
[2026-07-20 12:33:04] INFO: POST /api/auth/login 200 189.164 ms - - bytes
[2026-07-20 12:33:04] INFO: POST /api/auth/login 200 189.021 ms - - bytes
[2026-07-20 12:33:04] INFO: POST /api/categories 201 25.172 ms - - bytes
[2026-07-20 12:33:04] INFO: POST /api/services 201 29.793 ms - - bytes
[2026-07-20 12:33:04] INFO: POST /api/favorites 400 30.404 ms - - bytes
[2026-07-20 12:33:04] INFO: GET /api/favorites 401 0.527 ms - - bytes
[2026-07-20 12:33:05] INFO: POST /api/auth/register 201 216.296 ms - - bytes
[2026-07-20 12:33:05] INFO: POST /api/auth/register 201 192.031 ms - - bytes
[2026-07-20 12:33:05] INFO: POST /api/auth/login 200 190.504 ms - - bytes
[2026-07-20 12:33:05] INFO: POST /api/auth/login 200 190.562 ms - - bytes
[2026-07-20 12:33:05] INFO: POST /api/categories 201 27.933 ms - - bytes
[2026-07-20 12:33:05] INFO: POST /api/services 201 28.681 ms - - bytes
[2026-07-20 12:33:05] INFO: POST /api/favorites 400 32.785 ms - - bytes
[2026-07-20 12:33:05] INFO: DELETE /api/favorites/6a5dc8293322487437582670 200 9.738 ms - - bytes
[2026-07-20 12:33:06] INFO: POST /api/auth/register 201 212.236 ms - - bytes
[2026-07-20 12:33:06] INFO: POST /api/auth/register 201 188.879 ms - - bytes
[2026-07-20 12:33:06] INFO: POST /api/auth/login 200 192.487 ms - - bytes
[2026-07-20 12:33:06] INFO: POST /api/auth/login 200 190.127 ms - - bytes
[2026-07-20 12:33:06] INFO: POST /api/categories 201 28.966 ms - - bytes
[2026-07-20 12:33:06] INFO: POST /api/services 201 26.115 ms - - bytes
[2026-07-20 12:33:06] INFO: POST /api/favorites 400 49.052 ms - - bytes
[2026-07-20 12:33:06] INFO: DELETE /api/favorites/6a5dc82a3322487437582675 200 7.551 ms - - bytes
[2026-07-20 12:33:06] INFO: DELETE /api/favorites/6a5dc82a3322487437582675 404 8.963 ms - - bytes
[2026-07-20 12:33:07] INFO: POST /api/auth/register 201 213.371 ms - - bytes
[2026-07-20 12:33:07] INFO: POST /api/auth/register 201 189.783 ms - - bytes
[2026-07-20 12:33:07] INFO: POST /api/auth/login 200 188.598 ms - - bytes
[2026-07-20 12:33:07] INFO: POST /api/auth/login 200 192.968 ms - - bytes
[2026-07-20 12:33:07] INFO: POST /api/categories 201 22.216 ms - - bytes
[2026-07-20 12:33:07] INFO: POST /api/services 201 27.750 ms - - bytes
[2026-07-20 12:33:07] INFO: POST /api/favorites 400 31.895 ms - - bytes
[2026-07-20 12:33:07] INFO: DELETE /api/favorites/6a5dc82b332248743758267a 401 0.452 ms - - bytes
[2026-07-20 12:33:08] INFO: POST /api/auth/register 201 208.130 ms - - bytes
[2026-07-20 12:33:08] INFO: POST /api/auth/register 201 190.997 ms - - bytes
[2026-07-20 12:33:08] INFO: POST /api/auth/login 200 189.967 ms - - bytes
[2026-07-20 12:33:08] INFO: POST /api/auth/login 200 195.598 ms - - bytes
[2026-07-20 12:33:08] INFO: POST /api/categories 201 28.441 ms - - bytes
[2026-07-20 12:33:08] INFO: POST /api/services 201 32.019 ms - - bytes
[2026-07-20 12:33:08] INFO: POST /api/favorites 400 31.744 ms - - bytes
[2026-07-20 12:33:08] ERROR: CastError: Cast to ObjectId failed for value "invalid-id" (type string) at path "service" for model "Favorite"
    at SchemaObjectId.cast (D:\Project Sphere\Project-Sphere\backend\node_modules\mongoose\lib\schema\objectId.js:252:11)
    at SchemaObjectId.SchemaType.applySetters (D:\Project Sphere\Project-Sphere\backend\node_modules\mongoose\lib\schemaType.js:1373:12)
    at SchemaObjectId.SchemaType.castForQuery (D:\Project Sphere\Project-Sphere\backend\node_modules\mongoose\lib\schemaType.js:1793:17)
    at cast (D:\Project Sphere\Project-Sphere\backend\node_modules\mongoose\lib\cast.js:386:32)
    at model.Query.Query.cast (D:\Project Sphere\Project-Sphere\backend\node_modules\mongoose\lib\query.js:5228:12)
    at model.Query.Query._castConditions (D:\Project Sphere\Project-Sphere\backend\node_modules\mongoose\lib\query.js:2411:10)
    at model.Query._findOneAndDelete (D:\Project Sphere\Project-Sphere\backend\node_modules\mongoose\lib\query.js:3702:8)
    at maybeTracedQueryExec (D:\Project Sphere\Project-Sphere\backend\node_modules\mongoose\lib\query.js:4801:83)
    at processTicksAndRejections (node:internal/process/task_queues:95:5)
    at removeFavorite (D:\Project Sphere\Project-Sphere\backend\controllers\favoriteController.js:80:22)
[2026-07-20 12:33:08] INFO: DELETE /api/favorites/invalid-id 400 7.426 ms - - bytes
[2026-07-20 12:46:09] INFO: POST /api/auth/register 201 288.812 ms - - bytes
[2026-07-20 12:46:10] INFO: POST /api/auth/register 201 195.979 ms - - bytes
[2026-07-20 12:46:10] INFO: POST /api/auth/login 200 208.763 ms - - bytes
[2026-07-20 12:46:10] INFO: POST /api/auth/login 200 194.282 ms - - bytes
[2026-07-20 12:46:10] INFO: POST /api/categories 201 12.388 ms - - bytes
[2026-07-20 12:46:10] INFO: POST /api/services 201 25.040 ms - - bytes
[2026-07-20 12:46:10] INFO: POST /api/favorites 201 23.834 ms - - bytes
[2026-07-20 12:46:10] INFO: POST /api/auth/register 201 212.189 ms - - bytes
[2026-07-20 12:46:11] INFO: POST /api/auth/register 201 190.002 ms - - bytes
[2026-07-20 12:46:11] INFO: POST /api/auth/login 200 203.039 ms - - bytes
[2026-07-20 12:46:11] INFO: POST /api/auth/login 200 195.108 ms - - bytes
[2026-07-20 12:46:11] INFO: POST /api/categories 201 26.821 ms - - bytes
[2026-07-20 12:46:11] INFO: POST /api/services 201 32.980 ms - - bytes
[2026-07-20 12:46:11] INFO: POST /api/favorites 401 0.679 ms - - bytes
[2026-07-20 12:46:11] INFO: POST /api/auth/register 201 211.938 ms - - bytes
[2026-07-20 12:46:12] INFO: POST /api/auth/register 201 190.678 ms - - bytes
[2026-07-20 12:46:12] INFO: POST /api/auth/login 200 191.307 ms - - bytes
[2026-07-20 12:46:12] INFO: POST /api/auth/login 200 193.463 ms - - bytes
[2026-07-20 12:46:12] INFO: POST /api/categories 201 26.419 ms - - bytes
[2026-07-20 12:46:12] INFO: POST /api/services 201 29.852 ms - - bytes
[2026-07-20 12:46:12] INFO: POST /api/favorites 404 6.398 ms - - bytes
[2026-07-20 12:46:12] INFO: POST /api/auth/register 201 210.203 ms - - bytes
[2026-07-20 12:46:13] INFO: POST /api/auth/register 201 190.241 ms - - bytes
[2026-07-20 12:46:13] INFO: POST /api/auth/login 200 186.120 ms - - bytes
[2026-07-20 12:46:13] INFO: POST /api/auth/login 200 191.742 ms - - bytes
[2026-07-20 12:46:13] INFO: POST /api/categories 201 26.998 ms - - bytes
[2026-07-20 12:46:13] INFO: POST /api/services 201 30.066 ms - - bytes
[2026-07-20 12:46:13] ERROR: CastError: Cast to ObjectId failed for value "invalid-id" (type string) at path "_id" for model "Service"
    at SchemaObjectId.cast (D:\Project Sphere\Project-Sphere\backend\node_modules\mongoose\lib\schema\objectId.js:252:11)
    at SchemaObjectId.SchemaType.applySetters (D:\Project Sphere\Project-Sphere\backend\node_modules\mongoose\lib\schemaType.js:1373:12)
    at SchemaObjectId.SchemaType.castForQuery (D:\Project Sphere\Project-Sphere\backend\node_modules\mongoose\lib\schemaType.js:1793:17)
    at cast (D:\Project Sphere\Project-Sphere\backend\node_modules\mongoose\lib\cast.js:386:32)
    at model.Query.Query.cast (D:\Project Sphere\Project-Sphere\backend\node_modules\mongoose\lib\query.js:5228:12)
    at model.Query.Query._castConditions (D:\Project Sphere\Project-Sphere\backend\node_modules\mongoose\lib\query.js:2411:10)
    at model.Query._findOne (D:\Project Sphere\Project-Sphere\backend\node_modules\mongoose\lib\query.js:2758:8)
    at maybeTracedQueryExec (D:\Project Sphere\Project-Sphere\backend\node_modules\mongoose\lib\query.js:4801:83)
    at processTicksAndRejections (node:internal/process/task_queues:95:5)
    at addFavorite (D:\Project Sphere\Project-Sphere\backend\controllers\favoriteController.js:10:29)
[2026-07-20 12:46:13] INFO: POST /api/favorites 400 16.443 ms - - bytes
[2026-07-20 12:46:13] INFO: POST /api/auth/register 201 208.327 ms - - bytes
[2026-07-20 12:46:13] INFO: POST /api/auth/register 201 193.207 ms - - bytes
[2026-07-20 12:46:14] INFO: POST /api/auth/login 200 192.906 ms - - bytes
[2026-07-20 12:46:14] INFO: POST /api/auth/login 200 189.213 ms - - bytes
[2026-07-20 12:46:14] INFO: POST /api/categories 201 24.926 ms - - bytes
[2026-07-20 12:46:14] INFO: POST /api/services 201 29.600 ms - - bytes
[2026-07-20 12:46:14] INFO: POST /api/favorites 201 33.815 ms - - bytes
[2026-07-20 12:46:14] INFO: GET /api/favorites 200 26.461 ms - - bytes
[2026-07-20 12:46:14] INFO: POST /api/auth/register 201 215.940 ms - - bytes
[2026-07-20 12:46:14] INFO: POST /api/auth/register 201 194.763 ms - - bytes
[2026-07-20 12:46:15] INFO: POST /api/auth/login 200 197.094 ms - - bytes
[2026-07-20 12:46:15] INFO: POST /api/auth/login 200 192.597 ms - - bytes
[2026-07-20 12:46:15] INFO: POST /api/categories 201 27.279 ms - - bytes
[2026-07-20 12:46:15] INFO: POST /api/services 201 31.676 ms - - bytes
[2026-07-20 12:46:15] INFO: POST /api/favorites 201 31.861 ms - - bytes
[2026-07-20 12:46:15] INFO: POST /api/auth/register 201 192.672 ms - - bytes
[2026-07-20 12:46:15] INFO: POST /api/auth/login 200 190.391 ms - - bytes
[2026-07-20 12:46:15] INFO: GET /api/favorites 200 5.419 ms - - bytes
[2026-07-20 12:46:16] INFO: POST /api/auth/register 201 208.338 ms - - bytes
[2026-07-20 12:46:16] INFO: POST /api/auth/register 201 189.773 ms - - bytes
[2026-07-20 12:46:16] INFO: POST /api/auth/login 200 186.937 ms - - bytes
[2026-07-20 12:46:16] INFO: POST /api/auth/login 200 189.162 ms - - bytes
[2026-07-20 12:46:16] INFO: POST /api/categories 201 27.831 ms - - bytes
[2026-07-20 12:46:16] INFO: POST /api/services 201 26.159 ms - - bytes
[2026-07-20 12:46:16] INFO: POST /api/favorites 201 29.685 ms - - bytes
[2026-07-20 12:46:16] INFO: GET /api/favorites 401 1.030 ms - - bytes
[2026-07-20 12:46:17] INFO: POST /api/auth/register 201 209.528 ms - - bytes
[2026-07-20 12:46:17] INFO: POST /api/auth/register 201 190.903 ms - - bytes
[2026-07-20 12:46:17] INFO: POST /api/auth/login 200 188.458 ms - - bytes
[2026-07-20 12:46:17] INFO: POST /api/auth/login 200 190.547 ms - - bytes
[2026-07-20 12:46:17] INFO: POST /api/categories 201 28.206 ms - - bytes
[2026-07-20 12:46:17] INFO: POST /api/services 201 28.303 ms - - bytes
[2026-07-20 12:46:17] INFO: POST /api/favorites 201 32.290 ms - - bytes
[2026-07-20 12:46:17] INFO: DELETE /api/favorites/6a5dcb41de92b3eb63f34e94 200 8.306 ms - - bytes
[2026-07-20 12:46:18] INFO: POST /api/auth/register 201 208.265 ms - - bytes
[2026-07-20 12:46:18] INFO: POST /api/auth/register 201 192.924 ms - - bytes
[2026-07-20 12:46:18] INFO: POST /api/auth/login 200 189.742 ms - - bytes
[2026-07-20 12:46:18] INFO: POST /api/auth/login 200 184.134 ms - - bytes
[2026-07-20 12:46:18] INFO: POST /api/categories 201 25.053 ms - - bytes
[2026-07-20 12:46:18] INFO: POST /api/services 201 28.875 ms - - bytes
[2026-07-20 12:46:18] INFO: POST /api/favorites 201 29.179 ms - - bytes
[2026-07-20 12:46:18] INFO: DELETE /api/favorites/6a5dcb42de92b3eb63f34e99 200 6.779 ms - - bytes
[2026-07-20 12:46:18] INFO: DELETE /api/favorites/6a5dcb42de92b3eb63f34e99 404 4.844 ms - - bytes
[2026-07-20 12:46:19] INFO: POST /api/auth/register 201 210.249 ms - - bytes
[2026-07-20 12:46:19] INFO: POST /api/auth/register 201 190.491 ms - - bytes
[2026-07-20 12:46:19] INFO: POST /api/auth/login 200 189.307 ms - - bytes
[2026-07-20 12:46:19] INFO: POST /api/auth/login 200 193.699 ms - - bytes
[2026-07-20 12:46:19] INFO: POST /api/categories 201 27.899 ms - - bytes
[2026-07-20 12:46:19] INFO: POST /api/services 201 27.034 ms - - bytes
[2026-07-20 12:46:19] INFO: POST /api/favorites 201 29.650 ms - - bytes
[2026-07-20 12:46:19] INFO: DELETE /api/favorites/6a5dcb43de92b3eb63f34e9e 401 0.438 ms - - bytes
[2026-07-20 12:46:20] INFO: POST /api/auth/register 201 218.448 ms - - bytes
[2026-07-20 12:46:20] INFO: POST /api/auth/register 201 190.234 ms - - bytes
[2026-07-20 12:46:20] INFO: POST /api/auth/login 200 189.290 ms - - bytes
[2026-07-20 12:46:20] INFO: POST /api/auth/login 200 189.046 ms - - bytes
[2026-07-20 12:46:20] INFO: POST /api/categories 201 26.874 ms - - bytes
[2026-07-20 12:46:20] INFO: POST /api/services 201 34.415 ms - - bytes
[2026-07-20 12:46:20] INFO: POST /api/favorites 201 31.802 ms - - bytes
[2026-07-20 12:46:20] ERROR: CastError: Cast to ObjectId failed for value "invalid-id" (type string) at path "service" for model "Favorite"
    at SchemaObjectId.cast (D:\Project Sphere\Project-Sphere\backend\node_modules\mongoose\lib\schema\objectId.js:252:11)
    at SchemaObjectId.SchemaType.applySetters (D:\Project Sphere\Project-Sphere\backend\node_modules\mongoose\lib\schemaType.js:1373:12)
    at SchemaObjectId.SchemaType.castForQuery (D:\Project Sphere\Project-Sphere\backend\node_modules\mongoose\lib\schemaType.js:1793:17)
    at cast (D:\Project Sphere\Project-Sphere\backend\node_modules\mongoose\lib\cast.js:386:32)
    at model.Query.Query.cast (D:\Project Sphere\Project-Sphere\backend\node_modules\mongoose\lib\query.js:5228:12)
    at model.Query.Query._castConditions (D:\Project Sphere\Project-Sphere\backend\node_modules\mongoose\lib\query.js:2411:10)
    at model.Query._findOneAndDelete (D:\Project Sphere\Project-Sphere\backend\node_modules\mongoose\lib\query.js:3702:8)
    at maybeTracedQueryExec (D:\Project Sphere\Project-Sphere\backend\node_modules\mongoose\lib\query.js:4801:83)
    at processTicksAndRejections (node:internal/process/task_queues:95:5)
    at removeFavorite (D:\Project Sphere\Project-Sphere\backend\controllers\favoriteController.js:79:22)
[2026-07-20 12:46:20] INFO: DELETE /api/favorites/invalid-id 400 5.374 ms - - bytes
[2026-07-20 12:48:46] INFO: POST /api/auth/register 201 281.318 ms - - bytes
[2026-07-20 12:48:46] INFO: POST /api/auth/register 201 199.326 ms - - bytes
[2026-07-20 12:48:46] INFO: POST /api/auth/login 200 201.671 ms - - bytes
[2026-07-20 12:48:46] INFO: POST /api/auth/login 200 195.156 ms - - bytes
[2026-07-20 12:48:46] INFO: POST /api/categories 201 11.980 ms - - bytes
[2026-07-20 12:48:46] INFO: POST /api/services 201 27.044 ms - - bytes
[2026-07-20 12:48:46] INFO: POST /api/favorites 201 25.862 ms - - bytes
[2026-07-20 12:48:47] INFO: POST /api/auth/register 201 216.856 ms - - bytes
[2026-07-20 12:48:47] INFO: POST /api/auth/register 201 194.051 ms - - bytes
[2026-07-20 12:48:47] INFO: POST /api/auth/login 200 194.530 ms - - bytes
[2026-07-20 12:48:47] INFO: POST /api/auth/login 200 190.472 ms - - bytes
[2026-07-20 12:48:47] INFO: POST /api/categories 201 30.377 ms - - bytes
[2026-07-20 12:48:47] INFO: POST /api/services 201 34.501 ms - - bytes
[2026-07-20 12:48:47] INFO: POST /api/favorites 401 0.627 ms - - bytes
[2026-07-20 12:48:48] INFO: POST /api/auth/register 201 337.070 ms - - bytes
[2026-07-20 12:48:48] INFO: POST /api/auth/register 201 194.855 ms - - bytes
[2026-07-20 12:48:48] INFO: POST /api/auth/login 200 194.736 ms - - bytes
[2026-07-20 12:48:48] INFO: POST /api/auth/login 200 192.723 ms - - bytes
[2026-07-20 12:48:48] INFO: POST /api/categories 201 24.634 ms - - bytes
[2026-07-20 12:48:48] INFO: POST /api/services 201 33.078 ms - - bytes
[2026-07-20 12:48:48] INFO: POST /api/favorites 404 9.254 ms - - bytes
[2026-07-20 12:48:49] INFO: POST /api/auth/register 201 213.100 ms - - bytes
[2026-07-20 12:48:49] INFO: POST /api/auth/register 201 189.480 ms - - bytes
[2026-07-20 12:48:49] INFO: POST /api/auth/login 200 195.024 ms - - bytes
[2026-07-20 12:48:49] INFO: POST /api/auth/login 200 191.063 ms - - bytes
[2026-07-20 12:48:49] INFO: POST /api/categories 201 27.161 ms - - bytes
[2026-07-20 12:48:49] INFO: POST /api/services 201 33.048 ms - - bytes
[2026-07-20 12:48:49] ERROR: CastError: Cast to ObjectId failed for value "invalid-id" (type string) at path "_id" for model "Service"
    at SchemaObjectId.cast (D:\Project Sphere\Project-Sphere\backend\node_modules\mongoose\lib\schema\objectId.js:252:11)
    at SchemaObjectId.SchemaType.applySetters (D:\Project Sphere\Project-Sphere\backend\node_modules\mongoose\lib\schemaType.js:1373:12)
    at SchemaObjectId.SchemaType.castForQuery (D:\Project Sphere\Project-Sphere\backend\node_modules\mongoose\lib\schemaType.js:1793:17)
    at cast (D:\Project Sphere\Project-Sphere\backend\node_modules\mongoose\lib\cast.js:386:32)
    at model.Query.Query.cast (D:\Project Sphere\Project-Sphere\backend\node_modules\mongoose\lib\query.js:5228:12)
    at model.Query.Query._castConditions (D:\Project Sphere\Project-Sphere\backend\node_modules\mongoose\lib\query.js:2411:10)
    at model.Query._findOne (D:\Project Sphere\Project-Sphere\backend\node_modules\mongoose\lib\query.js:2758:8)
    at maybeTracedQueryExec (D:\Project Sphere\Project-Sphere\backend\node_modules\mongoose\lib\query.js:4801:83)
    at processTicksAndRejections (node:internal/process/task_queues:95:5)
    at addFavorite (D:\Project Sphere\Project-Sphere\backend\controllers\favoriteController.js:10:29)
[2026-07-20 12:48:49] INFO: POST /api/favorites 400 16.689 ms - - bytes
[2026-07-20 12:48:50] INFO: POST /api/auth/register 201 214.913 ms - - bytes
[2026-07-20 12:48:50] INFO: POST /api/auth/register 201 191.583 ms - - bytes
[2026-07-20 12:48:50] INFO: POST /api/auth/login 200 191.984 ms - - bytes
[2026-07-20 12:48:50] INFO: POST /api/auth/login 200 190.576 ms - - bytes
[2026-07-20 12:48:50] INFO: POST /api/categories 201 24.608 ms - - bytes
[2026-07-20 12:48:50] INFO: POST /api/services 201 33.416 ms - - bytes
[2026-07-20 12:48:50] INFO: POST /api/favorites 201 33.189 ms - - bytes
[2026-07-20 12:48:50] INFO: POST /api/favorites 400 9.181 ms - - bytes
[2026-07-20 12:48:51] INFO: POST /api/auth/register 201 215.418 ms - - bytes
[2026-07-20 12:48:51] INFO: POST /api/auth/register 201 192.502 ms - - bytes
[2026-07-20 12:48:51] INFO: POST /api/auth/login 200 190.668 ms - - bytes
[2026-07-20 12:48:51] INFO: POST /api/auth/login 200 188.038 ms - - bytes
[2026-07-20 12:48:51] INFO: POST /api/categories 201 26.572 ms - - bytes
[2026-07-20 12:48:51] INFO: POST /api/services 201 26.788 ms - - bytes
[2026-07-20 12:48:51] INFO: POST /api/favorites 201 36.321 ms - - bytes
[2026-07-20 12:48:51] INFO: GET /api/favorites 200 26.799 ms - - bytes
[2026-07-20 12:48:52] INFO: POST /api/auth/register 201 222.240 ms - - bytes
[2026-07-20 12:48:52] INFO: POST /api/auth/register 201 194.439 ms - - bytes
[2026-07-20 12:48:52] INFO: POST /api/auth/login 200 190.895 ms - - bytes
[2026-07-20 12:48:52] INFO: POST /api/auth/login 200 189.992 ms - - bytes
[2026-07-20 12:48:52] INFO: POST /api/categories 201 29.894 ms - - bytes
[2026-07-20 12:48:52] INFO: POST /api/services 201 29.282 ms - - bytes
[2026-07-20 12:48:52] INFO: POST /api/favorites 201 34.319 ms - - bytes
[2026-07-20 12:48:53] INFO: POST /api/auth/register 201 197.708 ms - - bytes
[2026-07-20 12:48:53] INFO: POST /api/auth/login 200 189.919 ms - - bytes
[2026-07-20 12:48:53] INFO: GET /api/favorites 200 7.061 ms - - bytes
[2026-07-20 12:48:53] INFO: POST /api/auth/register 201 210.861 ms - - bytes
[2026-07-20 12:48:53] INFO: POST /api/auth/register 201 189.057 ms - - bytes
[2026-07-20 12:48:54] INFO: POST /api/auth/login 200 190.657 ms - - bytes
[2026-07-20 12:48:54] INFO: POST /api/auth/login 200 189.390 ms - - bytes
[2026-07-20 12:48:54] INFO: POST /api/categories 201 47.170 ms - - bytes
[2026-07-20 12:48:54] INFO: POST /api/services 201 41.387 ms - - bytes
[2026-07-20 12:48:54] INFO: POST /api/favorites 201 35.154 ms - - bytes
[2026-07-20 12:48:54] INFO: GET /api/favorites 401 0.396 ms - - bytes
[2026-07-20 12:48:54] INFO: POST /api/auth/register 201 212.874 ms - - bytes
[2026-07-20 12:48:54] INFO: POST /api/auth/register 201 191.646 ms - - bytes
[2026-07-20 12:48:55] INFO: POST /api/auth/login 200 198.258 ms - - bytes
[2026-07-20 12:48:55] INFO: POST /api/auth/login 200 192.281 ms - - bytes
[2026-07-20 12:48:55] INFO: POST /api/categories 201 36.915 ms - - bytes
[2026-07-20 12:48:55] INFO: POST /api/services 201 34.994 ms - - bytes
[2026-07-20 12:48:55] INFO: POST /api/favorites 201 45.585 ms - - bytes
[2026-07-20 12:48:55] INFO: DELETE /api/favorites/6a5dcbdfb11165aec5181eee 200 14.194 ms - - bytes
[2026-07-20 12:48:55] INFO: POST /api/auth/register 201 214.809 ms - - bytes
[2026-07-20 12:48:55] INFO: POST /api/auth/register 201 192.558 ms - - bytes
[2026-07-20 12:48:56] INFO: POST /api/auth/login 200 192.460 ms - - bytes
[2026-07-20 12:48:56] INFO: POST /api/auth/login 200 206.860 ms - - bytes
[2026-07-20 12:48:56] INFO: POST /api/categories 201 25.805 ms - - bytes
[2026-07-20 12:48:56] INFO: POST /api/services 201 30.492 ms - - bytes
[2026-07-20 12:48:56] INFO: POST /api/favorites 201 28.606 ms - - bytes
[2026-07-20 12:48:56] INFO: DELETE /api/favorites/6a5dcbe0b11165aec5181ef3 200 7.414 ms - - bytes
[2026-07-20 12:48:56] INFO: DELETE /api/favorites/6a5dcbe0b11165aec5181ef3 404 5.621 ms - - bytes
[2026-07-20 12:48:56] INFO: POST /api/auth/register 201 210.843 ms - - bytes
[2026-07-20 12:48:56] INFO: POST /api/auth/register 201 200.846 ms - - bytes
[2026-07-20 12:48:57] INFO: POST /api/auth/login 200 191.895 ms - - bytes
[2026-07-20 12:48:57] INFO: POST /api/auth/login 200 192.452 ms - - bytes
[2026-07-20 12:48:57] INFO: POST /api/categories 201 33.847 ms - - bytes
[2026-07-20 12:48:57] INFO: POST /api/services 201 35.801 ms - - bytes
[2026-07-20 12:48:57] INFO: POST /api/favorites 201 32.095 ms - - bytes
[2026-07-20 12:48:57] INFO: DELETE /api/favorites/6a5dcbe1b11165aec5181ef8 401 0.719 ms - - bytes
[2026-07-20 12:48:57] INFO: POST /api/auth/register 201 244.788 ms - - bytes
[2026-07-20 12:48:57] INFO: POST /api/auth/register 201 189.253 ms - - bytes
[2026-07-20 12:48:58] INFO: POST /api/auth/login 200 192.830 ms - - bytes
[2026-07-20 12:48:58] INFO: POST /api/auth/login 200 194.284 ms - - bytes
[2026-07-20 12:48:58] INFO: POST /api/categories 201 44.158 ms - - bytes
[2026-07-20 12:48:58] INFO: POST /api/services 201 31.095 ms - - bytes
[2026-07-20 12:48:58] INFO: POST /api/favorites 201 32.347 ms - - bytes
[2026-07-20 12:48:58] ERROR: CastError: Cast to ObjectId failed for value "invalid-id" (type string) at path "service" for model "Favorite"
    at SchemaObjectId.cast (D:\Project Sphere\Project-Sphere\backend\node_modules\mongoose\lib\schema\objectId.js:252:11)
    at SchemaObjectId.SchemaType.applySetters (D:\Project Sphere\Project-Sphere\backend\node_modules\mongoose\lib\schemaType.js:1373:12)
    at SchemaObjectId.SchemaType.castForQuery (D:\Project Sphere\Project-Sphere\backend\node_modules\mongoose\lib\schemaType.js:1793:17)
    at cast (D:\Project Sphere\Project-Sphere\backend\node_modules\mongoose\lib\cast.js:386:32)
    at model.Query.Query.cast (D:\Project Sphere\Project-Sphere\backend\node_modules\mongoose\lib\query.js:5228:12)
    at model.Query.Query._castConditions (D:\Project Sphere\Project-Sphere\backend\node_modules\mongoose\lib\query.js:2411:10)
    at model.Query._findOneAndDelete (D:\Project Sphere\Project-Sphere\backend\node_modules\mongoose\lib\query.js:3702:8)
    at maybeTracedQueryExec (D:\Project Sphere\Project-Sphere\backend\node_modules\mongoose\lib\query.js:4801:83)
    at processTicksAndRejections (node:internal/process/task_queues:95:5)
    at removeFavorite (D:\Project Sphere\Project-Sphere\backend\controllers\favoriteController.js:79:22)
[2026-07-20 12:48:58] INFO: DELETE /api/favorites/invalid-id 400 6.699 ms - - bytes
[2026-08-05 13:39:28] INFO: POST /api/auth/register 201 305.311 ms - - bytes
[2026-08-05 13:39:29] INFO: POST /api/auth/register 201 201.201 ms - - bytes
[2026-08-05 13:39:29] INFO: POST /api/auth/login 200 206.522 ms - - bytes
[2026-08-05 13:39:29] INFO: POST /api/auth/register 201 195.076 ms - - bytes
[2026-08-05 13:39:29] INFO: POST /api/auth/register 201 198.936 ms - - bytes
[2026-08-05 13:39:29] INFO: POST /api/auth/login 200 201.142 ms - - bytes
[2026-08-05 13:39:30] INFO: POST /api/auth/register 201 197.884 ms - - bytes
[2026-08-05 13:39:30] INFO: POST /api/auth/register 201 196.798 ms - - bytes
[2026-08-05 13:39:30] INFO: POST /api/auth/login 200 194.635 ms - - bytes
[2026-08-05 13:39:30] INFO: POST /api/auth/register 201 193.788 ms - - bytes
[2026-08-05 13:39:31] INFO: POST /api/auth/register 201 202.589 ms - - bytes
[2026-08-05 13:39:31] INFO: POST /api/auth/login 200 190.925 ms - - bytes
[2026-08-05 13:39:31] INFO: POST /api/auth/register 201 198.544 ms - - bytes
[2026-08-05 13:39:31] INFO: POST /api/auth/register 201 197.628 ms - - bytes
[2026-08-05 13:39:31] INFO: POST /api/auth/login 200 201.124 ms - - bytes
[2026-08-05 13:39:32] INFO: POST /api/auth/register 201 197.771 ms - - bytes
[2026-08-05 13:39:32] INFO: POST /api/auth/register 201 191.179 ms - - bytes
[2026-08-05 13:39:32] INFO: POST /api/auth/login 200 193.496 ms - - bytes
[2026-08-05 13:39:32] INFO: POST /api/auth/register 201 192.899 ms - - bytes
[2026-08-05 13:39:33] INFO: POST /api/auth/register 201 207.490 ms - - bytes
[2026-08-05 13:39:33] INFO: POST /api/auth/login 200 192.287 ms - - bytes
[2026-08-05 13:42:39] INFO: POST /api/auth/register 201 281.710 ms - - bytes
[2026-08-05 13:42:40] INFO: POST /api/auth/register 201 204.635 ms - - bytes
[2026-08-05 13:42:40] INFO: POST /api/auth/login 200 202.721 ms - - bytes
[2026-08-05 13:42:40] INFO: POST /api/auth/register 201 196.339 ms - - bytes
[2026-08-05 13:42:40] INFO: POST /api/auth/register 201 204.552 ms - - bytes
[2026-08-05 13:42:41] INFO: POST /api/auth/login 200 192.883 ms - - bytes
[2026-08-05 13:42:41] INFO: POST /api/auth/register 201 193.460 ms - - bytes
[2026-08-05 13:42:41] INFO: POST /api/auth/register 201 192.152 ms - - bytes
[2026-08-05 13:42:41] INFO: POST /api/auth/login 200 192.541 ms - - bytes
[2026-08-05 13:42:41] INFO: POST /api/auth/register 201 196.219 ms - - bytes
[2026-08-05 13:42:42] INFO: POST /api/auth/register 201 193.545 ms - - bytes
[2026-08-05 13:42:42] INFO: POST /api/auth/login 200 189.643 ms - - bytes
[2026-08-05 13:42:42] INFO: POST /api/auth/register 201 193.611 ms - - bytes
[2026-08-05 13:42:42] INFO: POST /api/auth/register 201 194.716 ms - - bytes
[2026-08-05 13:42:42] INFO: POST /api/auth/login 200 192.557 ms - - bytes
[2026-08-05 13:42:43] INFO: POST /api/auth/register 201 192.473 ms - - bytes
[2026-08-05 13:42:43] INFO: POST /api/auth/register 201 196.442 ms - - bytes
[2026-08-05 13:42:43] INFO: POST /api/auth/login 200 190.261 ms - - bytes
[2026-08-05 13:42:43] INFO: POST /api/auth/register 201 192.604 ms - - bytes
[2026-08-05 13:42:44] INFO: POST /api/auth/register 201 194.079 ms - - bytes
[2026-08-05 13:42:44] INFO: POST /api/auth/login 200 191.057 ms - - bytes
[2026-08-05 14:48:37] INFO: POST /api/auth/register 201 264.173 ms - - bytes
[2026-08-05 14:48:37] INFO: POST /api/auth/register 201 197.995 ms - - bytes
[2026-08-05 14:48:38] INFO: POST /api/auth/login 200 235.676 ms - - bytes
[2026-08-05 14:48:38] INFO: POST /api/auth/register 201 199.335 ms - - bytes
[2026-08-05 14:48:38] INFO: POST /api/auth/register 201 203.486 ms - - bytes
[2026-08-05 14:48:38] INFO: POST /api/auth/login 200 196.256 ms - - bytes
[2026-08-05 14:48:39] INFO: POST /api/auth/register 201 191.951 ms - - bytes
[2026-08-05 14:48:39] INFO: POST /api/auth/register 201 195.483 ms - - bytes
[2026-08-05 14:48:39] INFO: POST /api/auth/login 200 194.909 ms - - bytes
[2026-08-05 14:48:39] INFO: POST /api/auth/register 201 203.253 ms - - bytes
[2026-08-05 14:48:40] INFO: POST /api/auth/register 201 196.990 ms - - bytes
[2026-08-05 14:48:40] INFO: POST /api/auth/login 200 187.797 ms - - bytes
[2026-08-05 14:48:40] INFO: POST /api/auth/register 201 196.760 ms - - bytes
[2026-08-05 14:48:40] INFO: POST /api/auth/register 201 191.412 ms - - bytes
[2026-08-05 14:48:40] INFO: POST /api/auth/login 200 194.543 ms - - bytes
[2026-08-05 14:48:41] INFO: POST /api/auth/register 201 195.402 ms - - bytes
[2026-08-05 14:48:41] INFO: POST /api/auth/register 201 189.470 ms - - bytes
[2026-08-05 14:48:41] INFO: POST /api/auth/login 200 194.104 ms - - bytes
[2026-08-05 14:48:41] INFO: POST /api/auth/register 201 189.778 ms - - bytes
[2026-08-05 14:48:42] INFO: POST /api/auth/register 201 193.011 ms - - bytes
[2026-08-05 14:48:42] INFO: POST /api/auth/login 200 195.727 ms - - bytes
[2026-08-05 14:54:36] INFO: POST /api/auth/register 201 262.421 ms - - bytes
[2026-08-05 14:54:36] INFO: POST /api/auth/register 201 197.300 ms - - bytes
[2026-08-05 14:54:36] INFO: POST /api/auth/login 200 203.670 ms - - bytes
[2026-08-05 14:54:36] INFO: POST /api/auth/login 200 193.998 ms - - bytes
[2026-08-05 14:54:36] INFO: POST /api/categories 201 9.938 ms - - bytes
[2026-08-05 14:54:36] INFO: POST /api/services 201 30.083 ms - - bytes
[2026-08-05 14:54:37] INFO: POST /api/reviews 201 77.672 ms - - bytes
[2026-08-05 14:54:37] INFO: POST /api/auth/register 201 194.167 ms - - bytes
[2026-08-05 14:54:37] INFO: POST /api/auth/register 201 194.448 ms - - bytes
[2026-08-05 14:54:37] INFO: POST /api/auth/login 200 193.223 ms - - bytes
[2026-08-05 14:54:37] INFO: POST /api/auth/login 200 190.538 ms - - bytes
[2026-08-05 14:54:37] INFO: POST /api/categories 201 7.384 ms - - bytes
[2026-08-05 14:54:37] INFO: POST /api/services 201 17.455 ms - - bytes
[2026-08-05 14:54:37] INFO: POST /api/reviews 401 1.703 ms - - bytes
[2026-08-05 14:54:38] INFO: POST /api/auth/register 201 192.810 ms - - bytes
[2026-08-05 14:54:38] INFO: POST /api/auth/register 201 189.560 ms - - bytes
[2026-08-05 14:54:38] INFO: POST /api/auth/login 200 189.617 ms - - bytes
[2026-08-05 14:54:38] INFO: POST /api/auth/login 200 188.740 ms - - bytes
[2026-08-05 14:54:38] INFO: POST /api/categories 201 5.987 ms - - bytes
[2026-08-05 14:54:38] INFO: POST /api/services 201 11.879 ms - - bytes
[2026-08-05 14:54:38] INFO: POST /api/reviews 404 9.021 ms - - bytes
[2026-08-05 14:54:39] INFO: POST /api/auth/register 201 197.577 ms - - bytes
[2026-08-05 14:54:39] INFO: POST /api/auth/register 201 188.540 ms - - bytes
[2026-08-05 14:54:39] INFO: POST /api/auth/login 200 189.687 ms - - bytes
[2026-08-05 14:54:39] INFO: POST /api/auth/login 200 188.361 ms - - bytes
[2026-08-05 14:54:39] INFO: POST /api/categories 201 6.850 ms - - bytes
[2026-08-05 14:54:39] INFO: POST /api/services 201 16.605 ms - - bytes
[2026-08-05 14:54:39] ERROR: CastError: Cast to ObjectId failed for value "invalid-id" (type string) at path "_id" for model "Service"
    at SchemaObjectId.cast (D:\Project Sphere\Project-Sphere\backend\node_modules\mongoose\lib\schema\objectId.js:252:11)
    at SchemaObjectId.SchemaType.applySetters (D:\Project Sphere\Project-Sphere\backend\node_modules\mongoose\lib\schemaType.js:1373:12)
    at SchemaObjectId.SchemaType.castForQuery (D:\Project Sphere\Project-Sphere\backend\node_modules\mongoose\lib\schemaType.js:1793:17)
    at cast (D:\Project Sphere\Project-Sphere\backend\node_modules\mongoose\lib\cast.js:386:32)
    at model.Query.Query.cast (D:\Project Sphere\Project-Sphere\backend\node_modules\mongoose\lib\query.js:5228:12)
    at model.Query.Query._castConditions (D:\Project Sphere\Project-Sphere\backend\node_modules\mongoose\lib\query.js:2411:10)
    at model.Query._findOne (D:\Project Sphere\Project-Sphere\backend\node_modules\mongoose\lib\query.js:2758:8)
    at maybeTracedQueryExec (D:\Project Sphere\Project-Sphere\backend\node_modules\mongoose\lib\query.js:4801:83)
    at processTicksAndRejections (node:internal/process/task_queues:95:5)
    at createReview (D:\Project Sphere\Project-Sphere\backend\controllers\reviewController.js:7:29)
[2026-08-05 14:54:39] INFO: POST /api/reviews 400 23.032 ms - - bytes
[2026-08-05 14:54:40] INFO: POST /api/auth/register 201 195.767 ms - - bytes
[2026-08-05 14:54:40] INFO: POST /api/auth/register 201 191.401 ms - - bytes
[2026-08-05 14:54:40] INFO: POST /api/auth/login 200 188.903 ms - - bytes
[2026-08-05 14:54:40] INFO: POST /api/auth/login 200 189.887 ms - - bytes
[2026-08-05 14:54:40] INFO: POST /api/categories 201 7.375 ms - - bytes
[2026-08-05 14:54:40] INFO: POST /api/services 201 10.318 ms - - bytes
[2026-08-05 14:54:40] INFO: POST /api/reviews 201 21.481 ms - - bytes
[2026-08-05 14:54:40] INFO: POST /api/reviews 400 13.061 ms - - bytes
[2026-08-05 14:54:40] INFO: POST /api/auth/register 201 190.252 ms - - bytes
[2026-08-05 14:54:41] INFO: POST /api/auth/register 201 193.614 ms - - bytes
[2026-08-05 14:54:41] INFO: POST /api/auth/login 200 192.338 ms - - bytes
[2026-08-05 14:54:41] INFO: POST /api/auth/login 200 191.049 ms - - bytes
[2026-08-05 14:54:41] INFO: POST /api/categories 201 6.592 ms - - bytes
[2026-08-05 14:54:41] INFO: POST /api/services 201 16.350 ms - - bytes
[2026-08-05 14:54:41] ERROR: ValidationError: Review validation failed: rating: Path `rating` (10) is more than maximum allowed value (5).
    at model.validate (D:\Project Sphere\Project-Sphere\backend\node_modules\mongoose\lib\document.js:2864:36)
    at processTicksAndRejections (node:internal/process/task_queues:95:5)
    at model.$__save (D:\Project Sphere\Project-Sphere\backend\node_modules\mongoose\lib\model.js:398:7)
    at maybeTracedSave (D:\Project Sphere\Project-Sphere\backend\node_modules\mongoose\lib\model.js:674:7)
    at Function.create (D:\Project Sphere\Project-Sphere\backend\node_modules\mongoose\lib\model.js:2762:5)
    at createReview (D:\Project Sphere\Project-Sphere\backend\controllers\reviewController.js:31:20)
[2026-08-05 14:54:41] INFO: POST /api/reviews 400 20.357 ms - - bytes
[2026-08-05 14:54:41] INFO: POST /api/auth/register 201 194.578 ms - - bytes
[2026-08-05 14:54:42] INFO: POST /api/auth/register 201 191.256 ms - - bytes
[2026-08-05 14:54:42] INFO: POST /api/auth/login 200 191.720 ms - - bytes
[2026-08-05 14:54:42] INFO: POST /api/auth/login 200 188.228 ms - - bytes
[2026-08-05 14:54:42] INFO: POST /api/categories 201 7.442 ms - - bytes
[2026-08-05 14:54:42] INFO: POST /api/services 201 13.319 ms - - bytes
[2026-08-05 14:54:42] ERROR: ValidationError: Review validation failed: comment: Path `comment` is required.
    at model.validate (D:\Project Sphere\Project-Sphere\backend\node_modules\mongoose\lib\document.js:2864:36)
    at processTicksAndRejections (node:internal/process/task_queues:95:5)
    at model.$__save (D:\Project Sphere\Project-Sphere\backend\node_modules\mongoose\lib\model.js:398:7)
    at maybeTracedSave (D:\Project Sphere\Project-Sphere\backend\node_modules\mongoose\lib\model.js:674:7)
    at Function.create (D:\Project Sphere\Project-Sphere\backend\node_modules\mongoose\lib\model.js:2762:5)
    at createReview (D:\Project Sphere\Project-Sphere\backend\controllers\reviewController.js:31:20)
[2026-08-05 14:54:42] INFO: POST /api/reviews 400 14.935 ms - - bytes
[2026-08-05 15:11:34] INFO: POST /api/auth/register 201 272.633 ms - - bytes
[2026-08-05 15:11:34] INFO: POST /api/auth/register 201 196.116 ms - - bytes
[2026-08-05 15:11:35] INFO: POST /api/auth/login 200 206.214 ms - - bytes
[2026-08-05 15:11:35] INFO: POST /api/auth/login 200 192.952 ms - - bytes
[2026-08-05 15:11:35] INFO: POST /api/categories 201 14.589 ms - - bytes
[2026-08-05 15:11:35] INFO: POST /api/services 201 33.855 ms - - bytes
[2026-08-05 15:11:35] INFO: POST /api/reviews 201 45.047 ms - - bytes
[2026-08-05 15:11:35] INFO: POST /api/auth/register 201 193.846 ms - - bytes
[2026-08-05 15:11:35] INFO: POST /api/auth/register 201 194.548 ms - - bytes
[2026-08-05 15:11:36] INFO: POST /api/auth/login 200 190.340 ms - - bytes
[2026-08-05 15:11:36] INFO: POST /api/auth/login 200 193.414 ms - - bytes
[2026-08-05 15:11:36] INFO: POST /api/categories 201 7.260 ms - - bytes
[2026-08-05 15:11:36] INFO: POST /api/services 201 27.704 ms - - bytes
[2026-08-05 15:11:36] INFO: POST /api/reviews 401 0.725 ms - - bytes
[2026-08-05 15:11:36] INFO: POST /api/auth/register 201 193.022 ms - - bytes
[2026-08-05 15:11:36] INFO: POST /api/auth/register 201 193.842 ms - - bytes
[2026-08-05 15:11:37] INFO: POST /api/auth/login 200 188.841 ms - - bytes
[2026-08-05 15:11:37] INFO: POST /api/auth/login 200 197.310 ms - - bytes
[2026-08-05 15:11:37] INFO: POST /api/categories 201 8.342 ms - - bytes
[2026-08-05 15:11:37] INFO: POST /api/services 201 17.249 ms - - bytes
[2026-08-05 15:11:37] INFO: POST /api/reviews 404 8.003 ms - - bytes
[2026-08-05 15:11:37] INFO: POST /api/auth/register 201 195.607 ms - - bytes
[2026-08-05 15:11:37] INFO: POST /api/auth/register 201 191.233 ms - - bytes
[2026-08-05 15:11:38] INFO: POST /api/auth/login 200 189.315 ms - - bytes
[2026-08-05 15:11:38] INFO: POST /api/auth/login 200 187.803 ms - - bytes
[2026-08-05 15:11:38] INFO: POST /api/categories 201 7.892 ms - - bytes
[2026-08-05 15:11:38] INFO: POST /api/services 201 11.828 ms - - bytes
[2026-08-05 15:11:38] ERROR: CastError: Cast to ObjectId failed for value "invalid-id" (type string) at path "_id" for model "Service"
    at SchemaObjectId.cast (D:\Project Sphere\Project-Sphere\backend\node_modules\mongoose\lib\schema\objectId.js:252:11)
    at SchemaObjectId.SchemaType.applySetters (D:\Project Sphere\Project-Sphere\backend\node_modules\mongoose\lib\schemaType.js:1373:12)
    at SchemaObjectId.SchemaType.castForQuery (D:\Project Sphere\Project-Sphere\backend\node_modules\mongoose\lib\schemaType.js:1793:17)
    at cast (D:\Project Sphere\Project-Sphere\backend\node_modules\mongoose\lib\cast.js:386:32)
    at model.Query.Query.cast (D:\Project Sphere\Project-Sphere\backend\node_modules\mongoose\lib\query.js:5228:12)
    at model.Query.Query._castConditions (D:\Project Sphere\Project-Sphere\backend\node_modules\mongoose\lib\query.js:2411:10)
    at model.Query._findOne (D:\Project Sphere\Project-Sphere\backend\node_modules\mongoose\lib\query.js:2758:8)
    at maybeTracedQueryExec (D:\Project Sphere\Project-Sphere\backend\node_modules\mongoose\lib\query.js:4801:83)
    at processTicksAndRejections (node:internal/process/task_queues:95:5)
    at createReview (D:\Project Sphere\Project-Sphere\backend\controllers\reviewController.js:7:29)
[2026-08-05 15:11:38] INFO: POST /api/reviews 400 17.616 ms - - bytes
[2026-08-05 15:11:38] INFO: POST /api/auth/register 201 191.492 ms - - bytes
[2026-08-05 15:11:38] INFO: POST /api/auth/register 201 190.773 ms - - bytes
[2026-08-05 15:11:38] INFO: POST /api/auth/login 200 189.005 ms - - bytes
[2026-08-05 15:11:39] INFO: POST /api/auth/login 200 191.414 ms - - bytes
[2026-08-05 15:11:39] INFO: POST /api/categories 201 6.388 ms - - bytes
[2026-08-05 15:11:39] INFO: POST /api/services 201 15.864 ms - - bytes
[2026-08-05 15:11:39] INFO: POST /api/reviews 201 22.825 ms - - bytes
[2026-08-05 15:11:39] INFO: POST /api/reviews 400 9.945 ms - - bytes
[2026-08-05 15:11:39] INFO: POST /api/auth/register 201 191.423 ms - - bytes
[2026-08-05 15:11:39] INFO: POST /api/auth/register 201 192.327 ms - - bytes
[2026-08-05 15:11:39] INFO: POST /api/auth/login 200 189.113 ms - - bytes
[2026-08-05 15:11:40] INFO: POST /api/auth/login 200 190.236 ms - - bytes
[2026-08-05 15:11:40] INFO: POST /api/categories 201 5.954 ms - - bytes
[2026-08-05 15:11:40] INFO: POST /api/services 201 10.360 ms - - bytes
[2026-08-05 15:11:40] ERROR: ValidationError: Review validation failed: rating: Path `rating` (10) is more than maximum allowed value (5).
    at model.validate (D:\Project Sphere\Project-Sphere\backend\node_modules\mongoose\lib\document.js:2864:36)
    at processTicksAndRejections (node:internal/process/task_queues:95:5)
    at model.$__save (D:\Project Sphere\Project-Sphere\backend\node_modules\mongoose\lib\model.js:398:7)
    at maybeTracedSave (D:\Project Sphere\Project-Sphere\backend\node_modules\mongoose\lib\model.js:674:7)
    at Function.create (D:\Project Sphere\Project-Sphere\backend\node_modules\mongoose\lib\model.js:2762:5)
    at createReview (D:\Project Sphere\Project-Sphere\backend\controllers\reviewController.js:31:20)
[2026-08-05 15:11:40] INFO: POST /api/reviews 400 20.725 ms - - bytes
[2026-08-05 15:11:40] INFO: POST /api/auth/register 201 193.650 ms - - bytes
[2026-08-05 15:11:40] INFO: POST /api/auth/register 201 195.454 ms - - bytes
[2026-08-05 15:11:40] INFO: POST /api/auth/login 200 187.962 ms - - bytes
[2026-08-05 15:11:40] INFO: POST /api/auth/login 200 189.235 ms - - bytes
[2026-08-05 15:11:40] INFO: POST /api/categories 201 5.959 ms - - bytes
[2026-08-05 15:11:41] INFO: POST /api/services 201 18.137 ms - - bytes
[2026-08-05 15:11:41] ERROR: ValidationError: Review validation failed: comment: Path `comment` is required.
    at model.validate (D:\Project Sphere\Project-Sphere\backend\node_modules\mongoose\lib\document.js:2864:36)
    at processTicksAndRejections (node:internal/process/task_queues:95:5)
    at model.$__save (D:\Project Sphere\Project-Sphere\backend\node_modules\mongoose\lib\model.js:398:7)
    at maybeTracedSave (D:\Project Sphere\Project-Sphere\backend\node_modules\mongoose\lib\model.js:674:7)
    at Function.create (D:\Project Sphere\Project-Sphere\backend\node_modules\mongoose\lib\model.js:2762:5)
    at createReview (D:\Project Sphere\Project-Sphere\backend\controllers\reviewController.js:31:20)
[2026-08-05 15:11:41] INFO: POST /api/reviews 400 13.926 ms - - bytes
[2026-08-05 15:11:41] INFO: POST /api/auth/register 201 192.182 ms - - bytes
[2026-08-05 15:11:41] INFO: POST /api/auth/register 201 192.834 ms - - bytes
[2026-08-05 15:11:41] INFO: POST /api/auth/login 200 189.620 ms - - bytes
[2026-08-05 15:11:41] INFO: POST /api/auth/login 200 197.881 ms - - bytes
[2026-08-05 15:11:41] INFO: POST /api/categories 201 5.996 ms - - bytes
[2026-08-05 15:11:41] INFO: POST /api/services 201 9.527 ms - - bytes
[2026-08-05 15:11:41] INFO: POST /api/reviews 201 21.628 ms - - bytes
[2026-08-05 15:11:42] INFO: GET /api/reviews/service/6a730555a7761ca77c5a25bf 200 52.100 ms - - bytes
[2026-08-05 15:11:42] INFO: POST /api/auth/register 201 190.657 ms - - bytes
[2026-08-05 15:11:42] INFO: POST /api/auth/register 201 191.426 ms - - bytes
[2026-08-05 15:11:42] INFO: POST /api/auth/login 200 191.174 ms - - bytes
[2026-08-05 15:11:42] INFO: POST /api/auth/login 200 191.257 ms - - bytes
[2026-08-05 15:11:42] INFO: POST /api/categories 201 6.514 ms - - bytes
[2026-08-05 15:11:42] INFO: POST /api/services 201 13.486 ms - - bytes
[2026-08-05 15:11:42] INFO: GET /api/reviews/service/6a730556a7761ca77c5a25c4 200 7.067 ms - - bytes
[2026-08-05 15:11:43] INFO: POST /api/auth/register 201 191.146 ms - - bytes
[2026-08-05 15:11:43] INFO: POST /api/auth/register 201 190.787 ms - - bytes
[2026-08-05 15:11:43] INFO: POST /api/auth/login 200 197.967 ms - - bytes
[2026-08-05 15:11:43] INFO: POST /api/auth/login 200 191.556 ms - - bytes
[2026-08-05 15:11:43] INFO: POST /api/categories 201 6.206 ms - - bytes
[2026-08-05 15:11:43] INFO: POST /api/services 201 10.402 ms - - bytes
[2026-08-05 15:11:43] ERROR: CastError: Cast to ObjectId failed for value "invalid-id" (type string) at path "service" for model "Review"
    at SchemaObjectId.cast (D:\Project Sphere\Project-Sphere\backend\node_modules\mongoose\lib\schema\objectId.js:252:11)
    at SchemaObjectId.SchemaType.applySetters (D:\Project Sphere\Project-Sphere\backend\node_modules\mongoose\lib\schemaType.js:1373:12)
    at SchemaObjectId.SchemaType.castForQuery (D:\Project Sphere\Project-Sphere\backend\node_modules\mongoose\lib\schemaType.js:1793:17)
    at cast (D:\Project Sphere\Project-Sphere\backend\node_modules\mongoose\lib\cast.js:386:32)
    at model.Query.Query.cast (D:\Project Sphere\Project-Sphere\backend\node_modules\mongoose\lib\query.js:5228:12)
    at model.Query.Query._castConditions (D:\Project Sphere\Project-Sphere\backend\node_modules\mongoose\lib\query.js:2411:10)
    at model.Query._find (D:\Project Sphere\Project-Sphere\backend\node_modules\mongoose\lib\query.js:2438:8)
    at maybeTracedQueryExec (D:\Project Sphere\Project-Sphere\backend\node_modules\mongoose\lib\query.js:4801:83)
    at processTicksAndRejections (node:internal/process/task_queues:95:5)
    at getServiceReviews (D:\Project Sphere\Project-Sphere\backend\controllers\reviewController.js:56:21)
[2026-08-05 15:11:43] INFO: GET /api/reviews/service/invalid-id 400 4.774 ms - - bytes
[2026-08-05 15:11:44] INFO: POST /api/auth/register 201 195.428 ms - - bytes
[2026-08-05 15:11:44] INFO: POST /api/auth/register 201 249.274 ms - - bytes
[2026-08-05 15:11:44] INFO: POST /api/auth/login 200 190.409 ms - - bytes
[2026-08-05 15:11:44] INFO: POST /api/auth/login 200 199.155 ms - - bytes
[2026-08-05 15:11:44] INFO: POST /api/categories 201 5.369 ms - - bytes
[2026-08-05 15:11:44] INFO: POST /api/services 201 14.116 ms - - bytes
[2026-08-05 15:11:44] INFO: GET /api/reviews/service/6a730558a7761ca77c5a25cd 200 3.429 ms - - bytes
[2026-08-07 22:46:48] INFO: POST /api/auth/register 201 259.494 ms - - bytes
[2026-08-07 22:46:48] INFO: POST /api/auth/register 201 195.980 ms - - bytes
[2026-08-07 22:46:49] INFO: POST /api/auth/login 200 212.297 ms - - bytes
[2026-08-07 22:46:49] INFO: POST /api/auth/login 200 189.957 ms - - bytes
[2026-08-07 22:46:49] INFO: POST /api/categories 201 9.167 ms - - bytes
[2026-08-07 22:46:49] INFO: POST /api/services 201 27.380 ms - - bytes
[2026-08-07 22:46:49] INFO: POST /api/reviews 201 40.930 ms - - bytes
[2026-08-07 22:46:49] INFO: POST /api/auth/register 201 192.831 ms - - bytes
[2026-08-07 22:46:49] INFO: POST /api/auth/register 201 191.365 ms - - bytes
[2026-08-07 22:46:50] INFO: POST /api/auth/login 200 191.834 ms - - bytes
[2026-08-07 22:46:50] INFO: POST /api/auth/login 200 188.442 ms - - bytes
[2026-08-07 22:46:50] INFO: POST /api/categories 201 6.233 ms - - bytes
[2026-08-07 22:46:50] INFO: POST /api/services 201 17.347 ms - - bytes
[2026-08-07 22:46:50] INFO: POST /api/reviews 401 0.680 ms - - bytes
[2026-08-07 22:46:50] INFO: POST /api/auth/register 201 193.310 ms - - bytes
[2026-08-07 22:46:50] INFO: POST /api/auth/register 201 191.311 ms - - bytes
[2026-08-07 22:46:50] INFO: POST /api/auth/login 200 190.320 ms - - bytes
[2026-08-07 22:46:51] INFO: POST /api/auth/login 200 190.467 ms - - bytes
[2026-08-07 22:46:51] INFO: POST /api/categories 201 9.270 ms - - bytes
[2026-08-07 22:46:51] INFO: POST /api/services 201 15.702 ms - - bytes
[2026-08-07 22:46:51] INFO: POST /api/reviews 404 6.604 ms - - bytes
[2026-08-07 22:46:51] INFO: POST /api/auth/register 201 191.662 ms - - bytes
[2026-08-07 22:46:51] INFO: POST /api/auth/register 201 190.822 ms - - bytes
[2026-08-07 22:46:51] INFO: POST /api/auth/login 200 193.487 ms - - bytes
[2026-08-07 22:46:52] INFO: POST /api/auth/login 200 189.704 ms - - bytes
[2026-08-07 22:46:52] INFO: POST /api/categories 201 5.666 ms - - bytes
[2026-08-07 22:46:52] INFO: POST /api/services 201 12.821 ms - - bytes
[2026-08-07 22:46:52] ERROR: CastError: Cast to ObjectId failed for value "invalid-id" (type string) at path "_id" for model "Service"
    at SchemaObjectId.cast (D:\Project Sphere\Project-Sphere\backend\node_modules\mongoose\lib\schema\objectId.js:252:11)
    at SchemaObjectId.SchemaType.applySetters (D:\Project Sphere\Project-Sphere\backend\node_modules\mongoose\lib\schemaType.js:1373:12)
    at SchemaObjectId.SchemaType.castForQuery (D:\Project Sphere\Project-Sphere\backend\node_modules\mongoose\lib\schemaType.js:1793:17)
    at cast (D:\Project Sphere\Project-Sphere\backend\node_modules\mongoose\lib\cast.js:386:32)
    at model.Query.Query.cast (D:\Project Sphere\Project-Sphere\backend\node_modules\mongoose\lib\query.js:5228:12)
    at model.Query.Query._castConditions (D:\Project Sphere\Project-Sphere\backend\node_modules\mongoose\lib\query.js:2411:10)
    at model.Query._findOne (D:\Project Sphere\Project-Sphere\backend\node_modules\mongoose\lib\query.js:2758:8)
    at maybeTracedQueryExec (D:\Project Sphere\Project-Sphere\backend\node_modules\mongoose\lib\query.js:4801:83)
    at processTicksAndRejections (node:internal/process/task_queues:95:5)
    at createReview (D:\Project Sphere\Project-Sphere\backend\controllers\reviewController.js:7:29)
[2026-08-07 22:46:52] INFO: POST /api/reviews 400 57.007 ms - - bytes
[2026-08-07 22:46:52] INFO: POST /api/auth/register 201 189.875 ms - - bytes
[2026-08-07 22:46:52] INFO: POST /api/auth/register 201 199.968 ms - - bytes
[2026-08-07 22:46:52] INFO: POST /api/auth/login 200 196.299 ms - - bytes
[2026-08-07 22:46:53] INFO: POST /api/auth/login 200 190.450 ms - - bytes
[2026-08-07 22:46:53] INFO: POST /api/categories 201 8.964 ms - - bytes
[2026-08-07 22:46:53] INFO: POST /api/services 201 13.277 ms - - bytes
[2026-08-07 22:46:53] INFO: POST /api/reviews 201 24.451 ms - - bytes
[2026-08-07 22:46:53] INFO: POST /api/reviews 400 9.166 ms - - bytes
[2026-08-07 22:46:53] INFO: POST /api/auth/register 201 195.671 ms - - bytes
[2026-08-07 22:46:53] INFO: POST /api/auth/register 201 190.671 ms - - bytes
[2026-08-07 22:46:53] INFO: POST /api/auth/login 200 191.469 ms - - bytes
[2026-08-07 22:46:53] INFO: POST /api/auth/login 200 189.556 ms - - bytes
[2026-08-07 22:46:53] INFO: POST /api/categories 201 7.642 ms - - bytes
[2026-08-07 22:46:53] INFO: POST /api/services 201 13.244 ms - - bytes
[2026-08-07 22:46:54] ERROR: ValidationError: Review validation failed: rating: Path `rating` (10) is more than maximum allowed value (5).
    at model.validate (D:\Project Sphere\Project-Sphere\backend\node_modules\mongoose\lib\document.js:2864:36)
    at processTicksAndRejections (node:internal/process/task_queues:95:5)
    at model.$__save (D:\Project Sphere\Project-Sphere\backend\node_modules\mongoose\lib\model.js:398:7)
    at maybeTracedSave (D:\Project Sphere\Project-Sphere\backend\node_modules\mongoose\lib\model.js:674:7)
    at Function.create (D:\Project Sphere\Project-Sphere\backend\node_modules\mongoose\lib\model.js:2762:5)
    at createReview (D:\Project Sphere\Project-Sphere\backend\controllers\reviewController.js:31:20)
[2026-08-07 22:46:54] INFO: POST /api/reviews 400 22.066 ms - - bytes
[2026-08-07 22:46:54] INFO: POST /api/auth/register 201 195.774 ms - - bytes
[2026-08-07 22:46:54] INFO: POST /api/auth/register 201 196.286 ms - - bytes
[2026-08-07 22:46:54] INFO: POST /api/auth/login 200 194.129 ms - - bytes
[2026-08-07 22:46:54] INFO: POST /api/auth/login 200 189.772 ms - - bytes
[2026-08-07 22:46:54] INFO: POST /api/categories 201 7.623 ms - - bytes
[2026-08-07 22:46:54] INFO: POST /api/services 201 11.225 ms - - bytes
[2026-08-07 22:46:54] ERROR: ValidationError: Review validation failed: comment: Path `comment` is required.
    at model.validate (D:\Project Sphere\Project-Sphere\backend\node_modules\mongoose\lib\document.js:2864:36)
    at processTicksAndRejections (node:internal/process/task_queues:95:5)
    at model.$__save (D:\Project Sphere\Project-Sphere\backend\node_modules\mongoose\lib\model.js:398:7)
    at maybeTracedSave (D:\Project Sphere\Project-Sphere\backend\node_modules\mongoose\lib\model.js:674:7)
    at Function.create (D:\Project Sphere\Project-Sphere\backend\node_modules\mongoose\lib\model.js:2762:5)
    at createReview (D:\Project Sphere\Project-Sphere\backend\controllers\reviewController.js:31:20)
[2026-08-07 22:46:54] INFO: POST /api/reviews 400 12.206 ms - - bytes
[2026-08-07 22:46:55] INFO: POST /api/auth/register 201 197.377 ms - - bytes
[2026-08-07 22:46:55] INFO: POST /api/auth/register 201 211.187 ms - - bytes
[2026-08-07 22:46:55] INFO: POST /api/auth/login 200 198.310 ms - - bytes
[2026-08-07 22:46:55] INFO: POST /api/auth/login 200 201.635 ms - - bytes
[2026-08-07 22:46:55] INFO: POST /api/categories 201 7.530 ms - - bytes
[2026-08-07 22:46:55] INFO: POST /api/services 201 22.095 ms - - bytes
[2026-08-07 22:46:55] INFO: POST /api/reviews 201 33.117 ms - - bytes
[2026-08-07 22:46:55] INFO: GET /api/reviews/service/6a76130797b69e7a98b6f6f6 200 28.592 ms - - bytes
[2026-08-07 22:46:56] INFO: POST /api/auth/register 201 199.500 ms - - bytes
[2026-08-07 22:46:56] INFO: POST /api/auth/register 201 228.299 ms - - bytes
[2026-08-07 22:46:56] INFO: POST /api/auth/login 200 207.666 ms - - bytes
[2026-08-07 22:46:56] INFO: POST /api/auth/login 200 211.256 ms - - bytes
[2026-08-07 22:46:56] INFO: POST /api/categories 201 6.017 ms - - bytes
[2026-08-07 22:46:56] INFO: POST /api/services 201 24.410 ms - - bytes
[2026-08-07 22:46:57] INFO: GET /api/reviews/service/6a76130897b69e7a98b6f6fb 200 9.518 ms - - bytes
[2026-08-07 22:46:57] INFO: POST /api/auth/register 201 200.294 ms - - bytes
[2026-08-07 22:46:57] INFO: POST /api/auth/register 201 199.063 ms - - bytes
[2026-08-07 22:46:57] INFO: POST /api/auth/login 200 199.540 ms - - bytes
[2026-08-07 22:46:57] INFO: POST /api/auth/login 200 195.250 ms - - bytes
[2026-08-07 22:46:57] INFO: POST /api/categories 201 7.583 ms - - bytes
[2026-08-07 22:46:57] INFO: POST /api/services 201 18.896 ms - - bytes
[2026-08-07 22:46:57] ERROR: CastError: Cast to ObjectId failed for value "invalid-id" (type string) at path "service" for model "Review"
    at SchemaObjectId.cast (D:\Project Sphere\Project-Sphere\backend\node_modules\mongoose\lib\schema\objectId.js:252:11)
    at SchemaObjectId.SchemaType.applySetters (D:\Project Sphere\Project-Sphere\backend\node_modules\mongoose\lib\schemaType.js:1373:12)
    at SchemaObjectId.SchemaType.castForQuery (D:\Project Sphere\Project-Sphere\backend\node_modules\mongoose\lib\schemaType.js:1793:17)
    at cast (D:\Project Sphere\Project-Sphere\backend\node_modules\mongoose\lib\cast.js:386:32)
    at model.Query.Query.cast (D:\Project Sphere\Project-Sphere\backend\node_modules\mongoose\lib\query.js:5228:12)
    at model.Query.Query._castConditions (D:\Project Sphere\Project-Sphere\backend\node_modules\mongoose\lib\query.js:2411:10)
    at model.Query._find (D:\Project Sphere\Project-Sphere\backend\node_modules\mongoose\lib\query.js:2438:8)
    at maybeTracedQueryExec (D:\Project Sphere\Project-Sphere\backend\node_modules\mongoose\lib\query.js:4801:83)
    at processTicksAndRejections (node:internal/process/task_queues:95:5)
    at getServiceReviews (D:\Project Sphere\Project-Sphere\backend\controllers\reviewController.js:56:21)
[2026-08-07 22:46:57] INFO: GET /api/reviews/service/invalid-id 400 4.849 ms - - bytes
[2026-08-07 22:46:58] INFO: POST /api/auth/register 201 202.221 ms - - bytes
[2026-08-07 22:46:58] INFO: POST /api/auth/register 201 222.465 ms - - bytes
[2026-08-07 22:46:58] INFO: POST /api/auth/login 200 208.479 ms - - bytes
[2026-08-07 22:46:58] INFO: POST /api/auth/login 200 198.443 ms - - bytes
[2026-08-07 22:46:58] INFO: POST /api/categories 201 6.945 ms - - bytes
[2026-08-07 22:46:58] INFO: POST /api/services 201 17.142 ms - - bytes
[2026-08-07 22:46:58] INFO: GET /api/reviews/service/6a76130a97b69e7a98b6f704 200 6.020 ms - - bytes
[2026-08-07 22:49:42] INFO: POST /api/auth/register 201 265.321 ms - - bytes
[2026-08-07 22:49:43] INFO: POST /api/auth/register 201 195.506 ms - - bytes
[2026-08-07 22:49:43] INFO: POST /api/auth/login 200 200.430 ms - - bytes
[2026-08-07 22:49:43] INFO: POST /api/auth/login 200 194.883 ms - - bytes
[2026-08-07 22:49:43] INFO: POST /api/categories 201 13.333 ms - - bytes
[2026-08-07 22:49:43] INFO: POST /api/services 201 26.529 ms - - bytes
[2026-08-07 22:49:43] INFO: POST /api/reviews 201 41.308 ms - - bytes
[2026-08-07 22:49:43] INFO: POST /api/auth/register 201 193.503 ms - - bytes
[2026-08-07 22:49:44] INFO: POST /api/auth/register 201 191.627 ms - - bytes
[2026-08-07 22:49:44] INFO: POST /api/auth/login 200 190.854 ms - - bytes
[2026-08-07 22:49:44] INFO: POST /api/auth/login 200 192.799 ms - - bytes
[2026-08-07 22:49:44] INFO: POST /api/categories 201 5.846 ms - - bytes
[2026-08-07 22:49:44] INFO: POST /api/services 201 17.444 ms - - bytes
[2026-08-07 22:49:44] INFO: POST /api/reviews 401 0.742 ms - - bytes
[2026-08-07 22:49:44] INFO: POST /api/auth/register 201 198.185 ms - - bytes
[2026-08-07 22:49:45] INFO: POST /api/auth/register 201 191.227 ms - - bytes
[2026-08-07 22:49:45] INFO: POST /api/auth/login 200 190.544 ms - - bytes
[2026-08-07 22:49:45] INFO: POST /api/auth/login 200 189.120 ms - - bytes
[2026-08-07 22:49:45] INFO: POST /api/categories 201 5.786 ms - - bytes
[2026-08-07 22:49:45] INFO: POST /api/services 201 15.589 ms - - bytes
[2026-08-07 22:49:45] INFO: POST /api/reviews 404 5.580 ms - - bytes
[2026-08-07 22:49:45] INFO: POST /api/auth/register 201 191.982 ms - - bytes
[2026-08-07 22:49:45] INFO: POST /api/auth/register 201 189.504 ms - - bytes
[2026-08-07 22:49:46] INFO: POST /api/auth/login 200 189.232 ms - - bytes
[2026-08-07 22:49:46] INFO: POST /api/auth/login 200 190.165 ms - - bytes
[2026-08-07 22:49:46] INFO: POST /api/categories 201 7.185 ms - - bytes
[2026-08-07 22:49:46] INFO: POST /api/services 201 13.370 ms - - bytes
[2026-08-07 22:49:46] ERROR: CastError: Cast to ObjectId failed for value "invalid-id" (type string) at path "_id" for model "Service"
    at SchemaObjectId.cast (D:\Project Sphere\Project-Sphere\backend\node_modules\mongoose\lib\schema\objectId.js:252:11)
    at SchemaObjectId.SchemaType.applySetters (D:\Project Sphere\Project-Sphere\backend\node_modules\mongoose\lib\schemaType.js:1373:12)
    at SchemaObjectId.SchemaType.castForQuery (D:\Project Sphere\Project-Sphere\backend\node_modules\mongoose\lib\schemaType.js:1793:17)
    at cast (D:\Project Sphere\Project-Sphere\backend\node_modules\mongoose\lib\cast.js:386:32)
    at model.Query.Query.cast (D:\Project Sphere\Project-Sphere\backend\node_modules\mongoose\lib\query.js:5228:12)
    at model.Query.Query._castConditions (D:\Project Sphere\Project-Sphere\backend\node_modules\mongoose\lib\query.js:2411:10)
    at model.Query._findOne (D:\Project Sphere\Project-Sphere\backend\node_modules\mongoose\lib\query.js:2758:8)
    at maybeTracedQueryExec (D:\Project Sphere\Project-Sphere\backend\node_modules\mongoose\lib\query.js:4801:83)
    at processTicksAndRejections (node:internal/process/task_queues:95:5)
    at createReview (D:\Project Sphere\Project-Sphere\backend\controllers\reviewController.js:7:29)
[2026-08-07 22:49:46] INFO: POST /api/reviews 400 18.486 ms - - bytes
[2026-08-07 22:49:46] INFO: POST /api/auth/register 201 188.907 ms - - bytes
[2026-08-07 22:49:46] INFO: POST /api/auth/register 201 193.028 ms - - bytes
[2026-08-07 22:49:47] INFO: POST /api/auth/login 200 189.280 ms - - bytes
[2026-08-07 22:49:47] INFO: POST /api/auth/login 200 189.099 ms - - bytes
[2026-08-07 22:49:47] INFO: POST /api/categories 201 6.297 ms - - bytes
[2026-08-07 22:49:47] INFO: POST /api/services 201 12.982 ms - - bytes
[2026-08-07 22:49:47] INFO: POST /api/reviews 201 21.830 ms - - bytes
[2026-08-07 22:49:47] INFO: POST /api/reviews 400 10.435 ms - - bytes
[2026-08-07 22:49:47] INFO: POST /api/auth/register 201 189.985 ms - - bytes
[2026-08-07 22:49:47] INFO: POST /api/auth/register 201 194.629 ms - - bytes
[2026-08-07 22:49:48] INFO: POST /api/auth/login 200 188.135 ms - - bytes
[2026-08-07 22:49:48] INFO: POST /api/auth/login 200 188.587 ms - - bytes
[2026-08-07 22:49:48] INFO: POST /api/categories 201 7.578 ms - - bytes
[2026-08-07 22:49:48] INFO: POST /api/services 201 13.023 ms - - bytes
[2026-08-07 22:49:48] ERROR: ValidationError: Review validation failed: rating: Path `rating` (10) is more than maximum allowed value (5).
    at model.validate (D:\Project Sphere\Project-Sphere\backend\node_modules\mongoose\lib\document.js:2864:36)
    at processTicksAndRejections (node:internal/process/task_queues:95:5)
    at model.$__save (D:\Project Sphere\Project-Sphere\backend\node_modules\mongoose\lib\model.js:398:7)
    at maybeTracedSave (D:\Project Sphere\Project-Sphere\backend\node_modules\mongoose\lib\model.js:674:7)
    at Function.create (D:\Project Sphere\Project-Sphere\backend\node_modules\mongoose\lib\model.js:2762:5)
    at createReview (D:\Project Sphere\Project-Sphere\backend\controllers\reviewController.js:31:20)
[2026-08-07 22:49:48] INFO: POST /api/reviews 400 16.616 ms - - bytes
[2026-08-07 22:49:48] INFO: POST /api/auth/register 201 189.435 ms - - bytes
[2026-08-07 22:49:48] INFO: POST /api/auth/register 201 188.916 ms - - bytes
[2026-08-07 22:49:48] INFO: POST /api/auth/login 200 188.945 ms - - bytes
[2026-08-07 22:49:49] INFO: POST /api/auth/login 200 190.083 ms - - bytes
[2026-08-07 22:49:49] INFO: POST /api/categories 201 5.694 ms - - bytes
[2026-08-07 22:49:49] INFO: POST /api/services 201 9.407 ms - - bytes
[2026-08-07 22:49:49] ERROR: ValidationError: Review validation failed: comment: Path `comment` is required.
    at model.validate (D:\Project Sphere\Project-Sphere\backend\node_modules\mongoose\lib\document.js:2864:36)
    at processTicksAndRejections (node:internal/process/task_queues:95:5)
    at model.$__save (D:\Project Sphere\Project-Sphere\backend\node_modules\mongoose\lib\model.js:398:7)
    at maybeTracedSave (D:\Project Sphere\Project-Sphere\backend\node_modules\mongoose\lib\model.js:674:7)
    at Function.create (D:\Project Sphere\Project-Sphere\backend\node_modules\mongoose\lib\model.js:2762:5)
    at createReview (D:\Project Sphere\Project-Sphere\backend\controllers\reviewController.js:31:20)
[2026-08-07 22:49:49] INFO: POST /api/reviews 400 15.982 ms - - bytes
[2026-08-07 22:49:49] INFO: POST /api/auth/register 201 189.133 ms - - bytes
[2026-08-07 22:49:49] INFO: POST /api/auth/register 201 190.681 ms - - bytes
[2026-08-07 22:49:49] INFO: POST /api/auth/login 200 186.582 ms - - bytes
[2026-08-07 22:49:50] INFO: POST /api/auth/login 200 187.977 ms - - bytes
[2026-08-07 22:49:50] INFO: POST /api/categories 201 6.939 ms - - bytes
[2026-08-07 22:49:50] INFO: POST /api/services 201 10.966 ms - - bytes
[2026-08-07 22:49:50] INFO: POST /api/reviews 201 24.758 ms - - bytes
[2026-08-07 22:49:50] INFO: GET /api/reviews/service/6a7613b65c1b876e0dd88507 200 21.140 ms - - bytes
[2026-08-07 22:49:50] INFO: POST /api/auth/register 201 187.194 ms - - bytes
[2026-08-07 22:49:50] INFO: POST /api/auth/register 201 189.329 ms - - bytes
[2026-08-07 22:49:50] INFO: POST /api/auth/login 200 188.137 ms - - bytes
[2026-08-07 22:49:50] INFO: POST /api/auth/login 200 188.043 ms - - bytes
[2026-08-07 22:49:50] INFO: POST /api/categories 201 7.309 ms - - bytes
[2026-08-07 22:49:50] INFO: POST /api/services 201 16.688 ms - - bytes
[2026-08-07 22:49:50] INFO: GET /api/reviews/service/6a7613b65c1b876e0dd8850c 200 4.890 ms - - bytes
[2026-08-07 22:49:51] INFO: POST /api/auth/register 201 189.264 ms - - bytes
[2026-08-07 22:49:51] INFO: POST /api/auth/register 201 189.676 ms - - bytes
[2026-08-07 22:49:51] INFO: POST /api/auth/login 200 188.675 ms - - bytes
[2026-08-07 22:49:51] INFO: POST /api/auth/login 200 191.905 ms - - bytes
[2026-08-07 22:49:51] INFO: POST /api/categories 201 7.806 ms - - bytes
[2026-08-07 22:49:51] INFO: POST /api/services 201 11.408 ms - - bytes
[2026-08-07 22:49:51] ERROR: CastError: Cast to ObjectId failed for value "invalid-id" (type string) at path "service" for model "Review"
    at SchemaObjectId.cast (D:\Project Sphere\Project-Sphere\backend\node_modules\mongoose\lib\schema\objectId.js:252:11)
    at SchemaObjectId.SchemaType.applySetters (D:\Project Sphere\Project-Sphere\backend\node_modules\mongoose\lib\schemaType.js:1373:12)
    at SchemaObjectId.SchemaType.castForQuery (D:\Project Sphere\Project-Sphere\backend\node_modules\mongoose\lib\schemaType.js:1793:17)
    at cast (D:\Project Sphere\Project-Sphere\backend\node_modules\mongoose\lib\cast.js:386:32)
    at model.Query.Query.cast (D:\Project Sphere\Project-Sphere\backend\node_modules\mongoose\lib\query.js:5228:12)
    at model.Query.Query._castConditions (D:\Project Sphere\Project-Sphere\backend\node_modules\mongoose\lib\query.js:2411:10)
    at model.Query._find (D:\Project Sphere\Project-Sphere\backend\node_modules\mongoose\lib\query.js:2438:8)
    at maybeTracedQueryExec (D:\Project Sphere\Project-Sphere\backend\node_modules\mongoose\lib\query.js:4801:83)
    at processTicksAndRejections (node:internal/process/task_queues:95:5)
    at getServiceReviews (D:\Project Sphere\Project-Sphere\backend\controllers\reviewController.js:56:21)
[2026-08-07 22:49:51] INFO: GET /api/reviews/service/invalid-id 400 3.850 ms - - bytes
[2026-08-07 22:49:52] INFO: POST /api/auth/register 201 189.942 ms - - bytes
[2026-08-07 22:49:52] INFO: POST /api/auth/register 201 191.491 ms - - bytes
[2026-08-07 22:49:52] INFO: POST /api/auth/login 200 187.191 ms - - bytes
[2026-08-07 22:49:52] INFO: POST /api/auth/login 200 189.185 ms - - bytes
[2026-08-07 22:49:52] INFO: POST /api/categories 201 6.122 ms - - bytes
[2026-08-07 22:49:52] INFO: POST /api/services 201 10.074 ms - - bytes
[2026-08-07 22:49:52] INFO: GET /api/reviews/service/6a7613b85c1b876e0dd88515 200 3.337 ms - - bytes
[2026-08-07 22:49:52] INFO: POST /api/auth/register 201 195.207 ms - - bytes
[2026-08-07 22:49:53] INFO: POST /api/auth/register 201 189.446 ms - - bytes
[2026-08-07 22:49:53] INFO: POST /api/auth/login 200 189.027 ms - - bytes
[2026-08-07 22:49:53] INFO: POST /api/auth/login 200 188.223 ms - - bytes
[2026-08-07 22:49:53] INFO: POST /api/categories 201 5.138 ms - - bytes
[2026-08-07 22:49:53] INFO: POST /api/services 201 12.719 ms - - bytes
[2026-08-07 22:49:53] INFO: POST /api/reviews 201 21.299 ms - - bytes
[2026-08-07 22:49:53] INFO: PUT /api/reviews/6a7613b95c1b876e0dd8851a 200 28.280 ms - - bytes
[2026-08-07 22:49:53] INFO: POST /api/auth/register 201 192.257 ms - - bytes
[2026-08-07 22:49:54] INFO: POST /api/auth/register 201 188.331 ms - - bytes
[2026-08-07 22:49:54] INFO: POST /api/auth/login 200 187.929 ms - - bytes
[2026-08-07 22:49:54] INFO: POST /api/auth/login 200 186.689 ms - - bytes
[2026-08-07 22:49:54] INFO: POST /api/categories 201 5.306 ms - - bytes
[2026-08-07 22:49:54] INFO: POST /api/services 201 9.418 ms - - bytes
[2026-08-07 22:49:54] INFO: POST /api/reviews 201 21.408 ms - - bytes
[2026-08-07 22:49:54] INFO: PUT /api/reviews/6a7613ba5c1b876e0dd8851f 401 0.417 ms - - bytes
[2026-08-07 22:49:54] INFO: POST /api/auth/register 201 192.400 ms - - bytes
[2026-08-07 22:49:54] INFO: POST /api/auth/register 201 188.818 ms - - bytes
[2026-08-07 22:49:55] INFO: POST /api/auth/login 200 186.120 ms - - bytes
[2026-08-07 22:49:55] INFO: POST /api/auth/login 200 186.328 ms - - bytes
[2026-08-07 22:49:55] INFO: POST /api/categories 201 6.370 ms - - bytes
[2026-08-07 22:49:55] INFO: POST /api/services 201 11.208 ms - - bytes
[2026-08-07 22:49:55] INFO: POST /api/reviews 201 19.997 ms - - bytes
[2026-08-07 22:49:55] INFO: POST /api/auth/register 201 203.225 ms - - bytes
[2026-08-07 22:49:55] INFO: POST /api/auth/login 200 190.429 ms - - bytes
[2026-08-07 22:49:55] INFO: PUT /api/reviews/6a7613bb5c1b876e0dd88524 403 9.049 ms - - bytes
[2026-08-07 22:49:56] INFO: POST /api/auth/register 201 188.942 ms - - bytes
[2026-08-07 22:49:56] INFO: POST /api/auth/register 201 194.963 ms - - bytes
[2026-08-07 22:49:56] INFO: POST /api/auth/login 200 188.284 ms - - bytes
[2026-08-07 22:49:56] INFO: POST /api/auth/login 200 186.769 ms - - bytes
[2026-08-07 22:49:56] INFO: POST /api/categories 201 5.215 ms - - bytes
[2026-08-07 22:49:56] INFO: POST /api/services 201 10.955 ms - - bytes
[2026-08-07 22:49:56] INFO: PUT /api/reviews/6a7613bc5c1b876e0dd8852a 404 4.734 ms - - bytes
[2026-08-07 22:49:56] INFO: POST /api/auth/register 201 188.375 ms - - bytes
[2026-08-07 22:49:57] INFO: POST /api/auth/register 201 189.467 ms - - bytes
[2026-08-07 22:49:57] INFO: POST /api/auth/login 200 193.951 ms - - bytes
[2026-08-07 22:49:57] INFO: POST /api/auth/login 200 202.357 ms - - bytes
[2026-08-07 22:49:57] INFO: POST /api/categories 201 8.015 ms - - bytes
[2026-08-07 22:49:57] INFO: POST /api/services 201 12.640 ms - - bytes
[2026-08-07 22:49:57] ERROR: CastError: Cast to ObjectId failed for value "invalid-id" (type string) at path "_id" for model "Review"
    at SchemaObjectId.cast (D:\Project Sphere\Project-Sphere\backend\node_modules\mongoose\lib\schema\objectId.js:252:11)
    at SchemaObjectId.SchemaType.applySetters (D:\Project Sphere\Project-Sphere\backend\node_modules\mongoose\lib\schemaType.js:1373:12)
    at SchemaObjectId.SchemaType.castForQuery (D:\Project Sphere\Project-Sphere\backend\node_modules\mongoose\lib\schemaType.js:1793:17)
    at cast (D:\Project Sphere\Project-Sphere\backend\node_modules\mongoose\lib\cast.js:386:32)
    at model.Query.Query.cast (D:\Project Sphere\Project-Sphere\backend\node_modules\mongoose\lib\query.js:5228:12)
    at model.Query.Query._castConditions (D:\Project Sphere\Project-Sphere\backend\node_modules\mongoose\lib\query.js:2411:10)
    at model.Query._findOne (D:\Project Sphere\Project-Sphere\backend\node_modules\mongoose\lib\query.js:2758:8)
    at maybeTracedQueryExec (D:\Project Sphere\Project-Sphere\backend\node_modules\mongoose\lib\query.js:4801:83)
    at processTicksAndRejections (node:internal/process/task_queues:95:5)
    at updateReview (D:\Project Sphere\Project-Sphere\backend\controllers\reviewController.js:76:20)
[2026-08-07 22:49:57] INFO: PUT /api/reviews/invalid-id 400 6.815 ms - - bytes
[2026-08-07 22:49:57] INFO: POST /api/auth/register 201 193.714 ms - - bytes
[2026-08-07 22:49:58] INFO: POST /api/auth/register 201 200.526 ms - - bytes
[2026-08-07 22:49:58] INFO: POST /api/auth/login 200 187.363 ms - - bytes
[2026-08-07 22:49:58] INFO: POST /api/auth/login 200 188.186 ms - - bytes
[2026-08-07 22:49:58] INFO: POST /api/categories 201 8.277 ms - - bytes
[2026-08-07 22:49:58] INFO: POST /api/services 201 12.711 ms - - bytes
[2026-08-07 22:49:58] INFO: POST /api/reviews 201 24.967 ms - - bytes
[2026-08-07 22:49:58] ERROR: ValidationError: Review validation failed: rating: Path `rating` (10) is more than maximum allowed value (5).
    at model.validate (D:\Project Sphere\Project-Sphere\backend\node_modules\mongoose\lib\document.js:2864:36)
    at processTicksAndRejections (node:internal/process/task_queues:95:5)
    at model.$__save (D:\Project Sphere\Project-Sphere\backend\node_modules\mongoose\lib\model.js:398:7)
    at maybeTracedSave (D:\Project Sphere\Project-Sphere\backend\node_modules\mongoose\lib\model.js:674:7)
    at updateReview (D:\Project Sphere\Project-Sphere\backend\controllers\reviewController.js:95:5)
[2026-08-07 22:49:58] INFO: PUT /api/reviews/6a7613be5c1b876e0dd88533 400 10.546 ms - - bytes
[2026-08-07 22:53:34] INFO: POST /api/auth/register 201 280.091 ms - - bytes
[2026-08-07 22:53:34] INFO: POST /api/auth/register 201 199.858 ms - - bytes
[2026-08-07 22:53:34] INFO: POST /api/auth/login 200 200.318 ms - - bytes
[2026-08-07 22:53:34] INFO: POST /api/auth/login 200 190.492 ms - - bytes
[2026-08-07 22:53:34] INFO: POST /api/categories 201 9.889 ms - - bytes
[2026-08-07 22:53:35] INFO: POST /api/services 201 29.433 ms - - bytes
[2026-08-07 22:53:35] INFO: POST /api/reviews 201 50.808 ms - - bytes
[2026-08-07 22:53:35] INFO: POST /api/auth/register 201 191.590 ms - - bytes
[2026-08-07 22:53:35] INFO: POST /api/auth/register 201 195.604 ms - - bytes
[2026-08-07 22:53:35] INFO: POST /api/auth/login 200 194.307 ms - - bytes
[2026-08-07 22:53:35] INFO: POST /api/auth/login 200 192.684 ms - - bytes
[2026-08-07 22:53:35] INFO: POST /api/categories 201 9.901 ms - - bytes
[2026-08-07 22:53:35] INFO: POST /api/services 201 17.685 ms - - bytes
[2026-08-07 22:53:35] INFO: POST /api/reviews 401 0.666 ms - - bytes
[2026-08-07 22:53:36] INFO: POST /api/auth/register 201 192.595 ms - - bytes
[2026-08-07 22:53:36] INFO: POST /api/auth/register 201 198.339 ms - - bytes
[2026-08-07 22:53:36] INFO: POST /api/auth/login 200 196.680 ms - - bytes
[2026-08-07 22:53:36] INFO: POST /api/auth/login 200 190.439 ms - - bytes
[2026-08-07 22:53:36] INFO: POST /api/categories 201 8.874 ms - - bytes
[2026-08-07 22:53:36] INFO: POST /api/services 201 14.223 ms - - bytes
[2026-08-07 22:53:36] INFO: POST /api/reviews 404 6.963 ms - - bytes
[2026-08-07 22:53:37] INFO: POST /api/auth/register 201 196.090 ms - - bytes
[2026-08-07 22:53:37] INFO: POST /api/auth/register 201 189.128 ms - - bytes
[2026-08-07 22:53:37] INFO: POST /api/auth/login 200 190.550 ms - - bytes
[2026-08-07 22:53:37] INFO: POST /api/auth/login 200 192.978 ms - - bytes
[2026-08-07 22:53:37] INFO: POST /api/categories 201 7.272 ms - - bytes
[2026-08-07 22:53:37] INFO: POST /api/services 201 12.415 ms - - bytes
[2026-08-07 22:53:37] ERROR: CastError: Cast to ObjectId failed for value "invalid-id" (type string) at path "_id" for model "Service"
    at SchemaObjectId.cast (D:\Project Sphere\Project-Sphere\backend\node_modules\mongoose\lib\schema\objectId.js:252:11)
    at SchemaObjectId.SchemaType.applySetters (D:\Project Sphere\Project-Sphere\backend\node_modules\mongoose\lib\schemaType.js:1373:12)
    at SchemaObjectId.SchemaType.castForQuery (D:\Project Sphere\Project-Sphere\backend\node_modules\mongoose\lib\schemaType.js:1793:17)
    at cast (D:\Project Sphere\Project-Sphere\backend\node_modules\mongoose\lib\cast.js:386:32)
    at model.Query.Query.cast (D:\Project Sphere\Project-Sphere\backend\node_modules\mongoose\lib\query.js:5228:12)
    at model.Query.Query._castConditions (D:\Project Sphere\Project-Sphere\backend\node_modules\mongoose\lib\query.js:2411:10)
    at model.Query._findOne (D:\Project Sphere\Project-Sphere\backend\node_modules\mongoose\lib\query.js:2758:8)
    at maybeTracedQueryExec (D:\Project Sphere\Project-Sphere\backend\node_modules\mongoose\lib\query.js:4801:83)
    at processTicksAndRejections (node:internal/process/task_queues:95:5)
    at createReview (D:\Project Sphere\Project-Sphere\backend\controllers\reviewController.js:7:29)
[2026-08-07 22:53:37] INFO: POST /api/reviews 400 16.264 ms - - bytes
[2026-08-07 22:53:38] INFO: POST /api/auth/register 201 205.336 ms - - bytes
[2026-08-07 22:53:38] INFO: POST /api/auth/register 201 196.315 ms - - bytes
[2026-08-07 22:53:38] INFO: POST /api/auth/login 200 196.456 ms - - bytes
[2026-08-07 22:53:38] INFO: POST /api/auth/login 200 208.081 ms - - bytes
[2026-08-07 22:53:38] INFO: POST /api/categories 201 11.372 ms - - bytes
[2026-08-07 22:53:38] INFO: POST /api/services 201 20.438 ms - - bytes
[2026-08-07 22:53:38] INFO: POST /api/reviews 201 31.367 ms - - bytes
[2026-08-07 22:53:38] INFO: POST /api/reviews 400 15.299 ms - - bytes
[2026-08-07 22:53:39] INFO: POST /api/auth/register 201 224.445 ms - - bytes
[2026-08-07 22:53:39] INFO: POST /api/auth/register 201 296.570 ms - - bytes
[2026-08-07 22:53:39] INFO: POST /api/auth/login 200 214.047 ms - - bytes
[2026-08-07 22:53:39] INFO: POST /api/auth/login 200 173.365 ms - - bytes
[2026-08-07 22:53:39] INFO: POST /api/categories 201 25.204 ms - - bytes
[2026-08-07 22:53:39] INFO: POST /api/services 201 15.401 ms - - bytes
[2026-08-07 22:53:40] ERROR: ValidationError: Review validation failed: rating: Path `rating` (10) is more than maximum allowed value (5).
    at model.validate (D:\Project Sphere\Project-Sphere\backend\node_modules\mongoose\lib\document.js:2864:36)
    at processTicksAndRejections (node:internal/process/task_queues:95:5)
    at model.$__save (D:\Project Sphere\Project-Sphere\backend\node_modules\mongoose\lib\model.js:398:7)
    at maybeTracedSave (D:\Project Sphere\Project-Sphere\backend\node_modules\mongoose\lib\model.js:674:7)
    at Function.create (D:\Project Sphere\Project-Sphere\backend\node_modules\mongoose\lib\model.js:2762:5)
    at createReview (D:\Project Sphere\Project-Sphere\backend\controllers\reviewController.js:31:20)
[2026-08-07 22:53:40] INFO: POST /api/reviews 400 26.750 ms - - bytes
[2026-08-07 22:53:40] INFO: POST /api/auth/register 201 220.011 ms - - bytes
[2026-08-07 22:53:40] INFO: POST /api/auth/register 201 178.665 ms - - bytes
[2026-08-07 22:53:40] INFO: POST /api/auth/login 200 185.897 ms - - bytes
[2026-08-07 22:53:40] INFO: POST /api/auth/login 200 193.218 ms - - bytes
[2026-08-07 22:53:40] INFO: POST /api/categories 201 8.760 ms - - bytes
[2026-08-07 22:53:40] INFO: POST /api/services 201 14.091 ms - - bytes
[2026-08-07 22:53:40] ERROR: ValidationError: Review validation failed: comment: Path `comment` is required.
    at model.validate (D:\Project Sphere\Project-Sphere\backend\node_modules\mongoose\lib\document.js:2864:36)
    at processTicksAndRejections (node:internal/process/task_queues:95:5)
    at model.$__save (D:\Project Sphere\Project-Sphere\backend\node_modules\mongoose\lib\model.js:398:7)
    at maybeTracedSave (D:\Project Sphere\Project-Sphere\backend\node_modules\mongoose\lib\model.js:674:7)
    at Function.create (D:\Project Sphere\Project-Sphere\backend\node_modules\mongoose\lib\model.js:2762:5)
    at createReview (D:\Project Sphere\Project-Sphere\backend\controllers\reviewController.js:31:20)
[2026-08-07 22:53:40] INFO: POST /api/reviews 400 21.091 ms - - bytes
[2026-08-07 22:53:41] INFO: POST /api/auth/register 201 184.726 ms - - bytes
[2026-08-07 22:53:41] INFO: POST /api/auth/register 201 188.327 ms - - bytes
[2026-08-07 22:53:41] INFO: POST /api/auth/login 200 361.594 ms - - bytes
[2026-08-07 22:53:42] INFO: POST /api/auth/login 200 184.919 ms - - bytes
[2026-08-07 22:53:42] INFO: POST /api/categories 201 11.349 ms - - bytes
[2026-08-07 22:53:42] INFO: POST /api/services 201 30.583 ms - - bytes
[2026-08-07 22:53:42] INFO: POST /api/reviews 201 32.096 ms - - bytes
[2026-08-07 22:53:42] INFO: GET /api/reviews/service/6a76149eb965337f1b5f57b8 200 117.364 ms - - bytes
[2026-08-07 22:53:42] INFO: POST /api/auth/register 201 187.195 ms - - bytes
[2026-08-07 22:53:42] INFO: POST /api/auth/register 201 208.061 ms - - bytes
[2026-08-07 22:53:43] INFO: POST /api/auth/login 200 252.271 ms - - bytes
[2026-08-07 22:53:43] INFO: POST /api/auth/login 200 199.817 ms - - bytes
[2026-08-07 22:53:43] INFO: POST /api/categories 201 7.383 ms - - bytes
[2026-08-07 22:53:43] INFO: POST /api/services 201 15.243 ms - - bytes
[2026-08-07 22:53:43] INFO: GET /api/reviews/service/6a76149fb965337f1b5f57bd 200 6.014 ms - - bytes
[2026-08-07 22:53:43] INFO: POST /api/auth/register 201 191.287 ms - - bytes
[2026-08-07 22:53:43] INFO: POST /api/auth/register 201 188.374 ms - - bytes
[2026-08-07 22:53:44] INFO: POST /api/auth/login 200 196.558 ms - - bytes
[2026-08-07 22:53:44] INFO: POST /api/auth/login 200 227.425 ms - - bytes
[2026-08-07 22:53:44] INFO: POST /api/categories 201 10.507 ms - - bytes
[2026-08-07 22:53:44] INFO: POST /api/services 201 25.312 ms - - bytes
[2026-08-07 22:53:44] ERROR: CastError: Cast to ObjectId failed for value "invalid-id" (type string) at path "service" for model "Review"
    at SchemaObjectId.cast (D:\Project Sphere\Project-Sphere\backend\node_modules\mongoose\lib\schema\objectId.js:252:11)
    at SchemaObjectId.SchemaType.applySetters (D:\Project Sphere\Project-Sphere\backend\node_modules\mongoose\lib\schemaType.js:1373:12)
    at SchemaObjectId.SchemaType.castForQuery (D:\Project Sphere\Project-Sphere\backend\node_modules\mongoose\lib\schemaType.js:1793:17)
    at cast (D:\Project Sphere\Project-Sphere\backend\node_modules\mongoose\lib\cast.js:386:32)
    at model.Query.Query.cast (D:\Project Sphere\Project-Sphere\backend\node_modules\mongoose\lib\query.js:5228:12)
    at model.Query.Query._castConditions (D:\Project Sphere\Project-Sphere\backend\node_modules\mongoose\lib\query.js:2411:10)
    at model.Query._find (D:\Project Sphere\Project-Sphere\backend\node_modules\mongoose\lib\query.js:2438:8)
    at maybeTracedQueryExec (D:\Project Sphere\Project-Sphere\backend\node_modules\mongoose\lib\query.js:4801:83)
    at processTicksAndRejections (node:internal/process/task_queues:95:5)
    at getServiceReviews (D:\Project Sphere\Project-Sphere\backend\controllers\reviewController.js:56:21)
[2026-08-07 22:53:44] INFO: GET /api/reviews/service/invalid-id 400 9.304 ms - - bytes
[2026-08-07 22:53:44] INFO: POST /api/auth/register 201 210.102 ms - - bytes
[2026-08-07 22:53:44] INFO: POST /api/auth/register 201 204.423 ms - - bytes
[2026-08-07 22:53:45] INFO: POST /api/auth/login 200 205.351 ms - - bytes
[2026-08-07 22:53:45] INFO: POST /api/auth/login 200 229.536 ms - - bytes
[2026-08-07 22:53:45] INFO: POST /api/categories 201 8.962 ms - - bytes
[2026-08-07 22:53:45] INFO: POST /api/services 201 18.969 ms - - bytes
[2026-08-07 22:53:45] INFO: GET /api/reviews/service/6a7614a1b965337f1b5f57c6 200 5.820 ms - - bytes
[2026-08-07 22:53:45] INFO: POST /api/auth/register 201 198.916 ms - - bytes
[2026-08-07 22:53:46] INFO: POST /api/auth/register 201 185.503 ms - - bytes
[2026-08-07 22:53:46] INFO: POST /api/auth/login 200 195.396 ms - - bytes
[2026-08-07 22:53:46] INFO: POST /api/auth/login 200 182.904 ms - - bytes
[2026-08-07 22:53:46] INFO: POST /api/categories 201 11.462 ms - - bytes
[2026-08-07 22:53:46] INFO: POST /api/services 201 14.414 ms - - bytes
[2026-08-07 22:53:46] INFO: POST /api/reviews 201 29.927 ms - - bytes
[2026-08-07 22:53:46] INFO: PUT /api/reviews/6a7614a2b965337f1b5f57cb 200 39.732 ms - - bytes
[2026-08-07 22:53:46] INFO: POST /api/auth/register 201 190.972 ms - - bytes
[2026-08-07 22:53:47] INFO: POST /api/auth/register 201 186.345 ms - - bytes
[2026-08-07 22:53:47] INFO: POST /api/auth/login 200 186.153 ms - - bytes
[2026-08-07 22:53:47] INFO: POST /api/auth/login 200 192.780 ms - - bytes
[2026-08-07 22:53:47] INFO: POST /api/categories 201 9.746 ms - - bytes
[2026-08-07 22:53:47] INFO: POST /api/services 201 14.945 ms - - bytes
[2026-08-07 22:53:47] INFO: POST /api/reviews 201 39.057 ms - - bytes
[2026-08-07 22:53:47] INFO: PUT /api/reviews/6a7614a3b965337f1b5f57d0 401 0.631 ms - - bytes
[2026-08-07 22:53:47] INFO: POST /api/auth/register 201 193.297 ms - - bytes
[2026-08-07 22:53:48] INFO: POST /api/auth/register 201 197.400 ms - - bytes
[2026-08-07 22:53:48] INFO: POST /api/auth/login 200 180.807 ms - - bytes
[2026-08-07 22:53:48] INFO: POST /api/auth/login 200 181.384 ms - - bytes
[2026-08-07 22:53:48] INFO: POST /api/categories 201 6.743 ms - - bytes
[2026-08-07 22:53:48] INFO: POST /api/services 201 16.051 ms - - bytes
[2026-08-07 22:53:48] INFO: POST /api/reviews 201 27.094 ms - - bytes
[2026-08-07 22:53:48] INFO: POST /api/auth/register 201 180.608 ms - - bytes
[2026-08-07 22:53:48] INFO: POST /api/auth/login 200 172.993 ms - - bytes
[2026-08-07 22:53:48] INFO: PUT /api/reviews/6a7614a4b965337f1b5f57d5 403 7.003 ms - - bytes
[2026-08-07 22:53:49] INFO: POST /api/auth/register 201 180.169 ms - - bytes
[2026-08-07 22:53:49] INFO: POST /api/auth/register 201 192.514 ms - - bytes
[2026-08-07 22:53:49] INFO: POST /api/auth/login 200 177.777 ms - - bytes
[2026-08-07 22:53:49] INFO: POST /api/auth/login 200 179.007 ms - - bytes
[2026-08-07 22:53:49] INFO: POST /api/categories 201 8.810 ms - - bytes
[2026-08-07 22:53:49] INFO: POST /api/services 201 11.258 ms - - bytes
[2026-08-07 22:53:49] INFO: PUT /api/reviews/6a7614a5b965337f1b5f57db 404 6.575 ms - - bytes
[2026-08-07 22:53:49] INFO: POST /api/auth/register 201 187.242 ms - - bytes
[2026-08-07 22:53:50] INFO: POST /api/auth/register 201 187.836 ms - - bytes
[2026-08-07 22:53:50] INFO: POST /api/auth/login 200 188.450 ms - - bytes
[2026-08-07 22:53:50] INFO: POST /api/auth/login 200 174.696 ms - - bytes
[2026-08-07 22:53:50] INFO: POST /api/categories 201 7.804 ms - - bytes
[2026-08-07 22:53:50] INFO: POST /api/services 201 14.247 ms - - bytes
[2026-08-07 22:53:50] ERROR: CastError: Cast to ObjectId failed for value "invalid-id" (type string) at path "_id" for model "Review"
    at SchemaObjectId.cast (D:\Project Sphere\Project-Sphere\backend\node_modules\mongoose\lib\schema\objectId.js:252:11)
    at SchemaObjectId.SchemaType.applySetters (D:\Project Sphere\Project-Sphere\backend\node_modules\mongoose\lib\schemaType.js:1373:12)
    at SchemaObjectId.SchemaType.castForQuery (D:\Project Sphere\Project-Sphere\backend\node_modules\mongoose\lib\schemaType.js:1793:17)
    at cast (D:\Project Sphere\Project-Sphere\backend\node_modules\mongoose\lib\cast.js:386:32)
    at model.Query.Query.cast (D:\Project Sphere\Project-Sphere\backend\node_modules\mongoose\lib\query.js:5228:12)
    at model.Query.Query._castConditions (D:\Project Sphere\Project-Sphere\backend\node_modules\mongoose\lib\query.js:2411:10)
    at model.Query._findOne (D:\Project Sphere\Project-Sphere\backend\node_modules\mongoose\lib\query.js:2758:8)
    at maybeTracedQueryExec (D:\Project Sphere\Project-Sphere\backend\node_modules\mongoose\lib\query.js:4801:83)
    at processTicksAndRejections (node:internal/process/task_queues:95:5)
    at updateReview (D:\Project Sphere\Project-Sphere\backend\controllers\reviewController.js:76:20)
[2026-08-07 22:53:50] INFO: PUT /api/reviews/invalid-id 400 7.672 ms - - bytes
[2026-08-07 22:53:50] INFO: POST /api/auth/register 201 181.805 ms - - bytes
[2026-08-07 22:53:51] INFO: POST /api/auth/register 201 184.307 ms - - bytes
[2026-08-07 22:53:51] INFO: POST /api/auth/login 200 186.078 ms - - bytes
[2026-08-07 22:53:51] INFO: POST /api/auth/login 200 189.606 ms - - bytes
[2026-08-07 22:53:51] INFO: POST /api/categories 201 7.973 ms - - bytes
[2026-08-07 22:53:51] INFO: POST /api/services 201 13.553 ms - - bytes
[2026-08-07 22:53:51] INFO: POST /api/reviews 201 29.272 ms - - bytes
[2026-08-07 22:53:51] ERROR: ValidationError: Review validation failed: rating: Path `rating` (10) is more than maximum allowed value (5).
    at model.validate (D:\Project Sphere\Project-Sphere\backend\node_modules\mongoose\lib\document.js:2864:36)
    at processTicksAndRejections (node:internal/process/task_queues:95:5)
    at model.$__save (D:\Project Sphere\Project-Sphere\backend\node_modules\mongoose\lib\model.js:398:7)
    at maybeTracedSave (D:\Project Sphere\Project-Sphere\backend\node_modules\mongoose\lib\model.js:674:7)
    at updateReview (D:\Project Sphere\Project-Sphere\backend\controllers\reviewController.js:95:5)
[2026-08-07 22:53:51] INFO: PUT /api/reviews/6a7614a7b965337f1b5f57e4 400 14.366 ms - - bytes
[2026-08-07 22:53:51] INFO: POST /api/auth/register 201 192.000 ms - - bytes
[2026-08-07 22:53:52] INFO: POST /api/auth/register 201 183.548 ms - - bytes
[2026-08-07 22:53:52] INFO: POST /api/auth/login 200 174.969 ms - - bytes
[2026-08-07 22:53:52] INFO: POST /api/auth/login 200 201.480 ms - - bytes
[2026-08-07 22:53:52] INFO: POST /api/categories 201 8.764 ms - - bytes
[2026-08-07 22:53:52] INFO: POST /api/services 201 22.141 ms - - bytes
[2026-08-07 22:53:52] INFO: POST /api/reviews 201 35.030 ms - - bytes
[2026-08-07 22:53:52] INFO: DELETE /api/reviews/6a7614a8b965337f1b5f57e9 200 38.907 ms - - bytes
[2026-08-07 23:00:37] INFO: POST /api/auth/register 201 272.429 ms - - bytes
[2026-08-07 23:00:37] INFO: POST /api/auth/register 201 219.906 ms - - bytes
[2026-08-07 23:00:37] INFO: POST /api/auth/login 200 201.161 ms - - bytes
[2026-08-07 23:00:37] INFO: POST /api/auth/login 200 220.586 ms - - bytes
[2026-08-07 23:00:38] INFO: POST /api/categories 201 18.369 ms - - bytes
[2026-08-07 23:00:38] INFO: POST /api/services 201 57.063 ms - - bytes
[2026-08-07 23:00:38] INFO: POST /api/reviews 201 59.924 ms - - bytes
[2026-08-07 23:00:38] INFO: POST /api/auth/register 201 186.686 ms - - bytes
[2026-08-07 23:00:38] INFO: POST /api/auth/register 201 179.072 ms - - bytes
[2026-08-07 23:00:38] INFO: POST /api/auth/login 200 188.372 ms - - bytes
[2026-08-07 23:00:39] INFO: POST /api/auth/login 200 176.674 ms - - bytes
[2026-08-07 23:00:39] INFO: POST /api/categories 201 12.443 ms - - bytes
[2026-08-07 23:00:39] INFO: POST /api/services 201 25.458 ms - - bytes
[2026-08-07 23:00:39] INFO: POST /api/reviews 401 1.543 ms - - bytes
[2026-08-07 23:00:39] INFO: POST /api/auth/register 201 228.124 ms - - bytes
[2026-08-07 23:00:39] INFO: POST /api/auth/register 201 210.959 ms - - bytes
[2026-08-07 23:00:39] INFO: POST /api/auth/login 200 193.807 ms - - bytes
[2026-08-07 23:00:40] INFO: POST /api/auth/login 200 177.899 ms - - bytes
[2026-08-07 23:00:40] INFO: POST /api/categories 201 9.791 ms - - bytes
[2026-08-07 23:00:40] INFO: POST /api/services 201 19.387 ms - - bytes
[2026-08-07 23:00:40] INFO: POST /api/reviews 404 6.933 ms - - bytes
[2026-08-07 23:00:40] INFO: POST /api/auth/register 201 181.109 ms - - bytes
[2026-08-07 23:00:40] INFO: POST /api/auth/register 201 179.519 ms - - bytes
[2026-08-07 23:00:40] INFO: POST /api/auth/login 200 191.158 ms - - bytes
[2026-08-07 23:00:40] INFO: POST /api/auth/login 200 172.273 ms - - bytes
[2026-08-07 23:00:40] INFO: POST /api/categories 201 8.814 ms - - bytes
[2026-08-07 23:00:41] INFO: POST /api/services 201 16.028 ms - - bytes
[2026-08-07 23:00:41] ERROR: CastError: Cast to ObjectId failed for value "invalid-id" (type string) at path "_id" for model "Service"
    at SchemaObjectId.cast (D:\Project Sphere\Project-Sphere\backend\node_modules\mongoose\lib\schema\objectId.js:252:11)
    at SchemaObjectId.SchemaType.applySetters (D:\Project Sphere\Project-Sphere\backend\node_modules\mongoose\lib\schemaType.js:1373:12)
    at SchemaObjectId.SchemaType.castForQuery (D:\Project Sphere\Project-Sphere\backend\node_modules\mongoose\lib\schemaType.js:1793:17)
    at cast (D:\Project Sphere\Project-Sphere\backend\node_modules\mongoose\lib\cast.js:386:32)
    at model.Query.Query.cast (D:\Project Sphere\Project-Sphere\backend\node_modules\mongoose\lib\query.js:5228:12)
    at model.Query.Query._castConditions (D:\Project Sphere\Project-Sphere\backend\node_modules\mongoose\lib\query.js:2411:10)
    at model.Query._findOne (D:\Project Sphere\Project-Sphere\backend\node_modules\mongoose\lib\query.js:2758:8)
    at maybeTracedQueryExec (D:\Project Sphere\Project-Sphere\backend\node_modules\mongoose\lib\query.js:4801:83)
    at processTicksAndRejections (node:internal/process/task_queues:95:5)
    at createReview (D:\Project Sphere\Project-Sphere\backend\controllers\reviewController.js:7:29)
[2026-08-07 23:00:41] INFO: POST /api/reviews 400 27.852 ms - - bytes
[2026-08-07 23:00:41] INFO: POST /api/auth/register 201 174.593 ms - - bytes
[2026-08-07 23:00:41] INFO: POST /api/auth/register 201 178.905 ms - - bytes
[2026-08-07 23:00:41] INFO: POST /api/auth/login 200 184.227 ms - - bytes
[2026-08-07 23:00:41] INFO: POST /api/auth/login 200 174.564 ms - - bytes
[2026-08-07 23:00:41] INFO: POST /api/categories 201 9.160 ms - - bytes
[2026-08-07 23:00:41] INFO: POST /api/services 201 14.504 ms - - bytes
[2026-08-07 23:00:41] INFO: POST /api/reviews 201 25.553 ms - - bytes
[2026-08-07 23:00:41] INFO: POST /api/reviews 400 10.782 ms - - bytes
[2026-08-07 23:00:42] INFO: POST /api/auth/register 201 176.121 ms - - bytes
[2026-08-07 23:00:42] INFO: POST /api/auth/register 201 175.744 ms - - bytes
[2026-08-07 23:00:42] INFO: POST /api/auth/login 200 171.440 ms - - bytes
[2026-08-07 23:00:42] INFO: POST /api/auth/login 200 179.200 ms - - bytes
[2026-08-07 23:00:42] INFO: POST /api/categories 201 8.382 ms - - bytes
[2026-08-07 23:00:42] INFO: POST /api/services 201 19.282 ms - - bytes
[2026-08-07 23:00:42] ERROR: ValidationError: Review validation failed: rating: Path `rating` (10) is more than maximum allowed value (5).
    at model.validate (D:\Project Sphere\Project-Sphere\backend\node_modules\mongoose\lib\document.js:2864:36)
    at processTicksAndRejections (node:internal/process/task_queues:95:5)
    at model.$__save (D:\Project Sphere\Project-Sphere\backend\node_modules\mongoose\lib\model.js:398:7)
    at maybeTracedSave (D:\Project Sphere\Project-Sphere\backend\node_modules\mongoose\lib\model.js:674:7)
    at Function.create (D:\Project Sphere\Project-Sphere\backend\node_modules\mongoose\lib\model.js:2762:5)
    at createReview (D:\Project Sphere\Project-Sphere\backend\controllers\reviewController.js:31:20)
[2026-08-07 23:00:42] INFO: POST /api/reviews 400 28.687 ms - - bytes
[2026-08-07 23:00:43] INFO: POST /api/auth/register 201 182.031 ms - - bytes
[2026-08-07 23:00:43] INFO: POST /api/auth/register 201 176.243 ms - - bytes
[2026-08-07 23:00:43] INFO: POST /api/auth/login 200 177.458 ms - - bytes
[2026-08-07 23:00:43] INFO: POST /api/auth/login 200 179.862 ms - - bytes
[2026-08-07 23:00:43] INFO: POST /api/categories 201 9.754 ms - - bytes
[2026-08-07 23:00:43] INFO: POST /api/services 201 15.454 ms - - bytes
[2026-08-07 23:00:43] ERROR: ValidationError: Review validation failed: comment: Path `comment` is required.
    at model.validate (D:\Project Sphere\Project-Sphere\backend\node_modules\mongoose\lib\document.js:2864:36)
    at processTicksAndRejections (node:internal/process/task_queues:95:5)
    at model.$__save (D:\Project Sphere\Project-Sphere\backend\node_modules\mongoose\lib\model.js:398:7)
    at maybeTracedSave (D:\Project Sphere\Project-Sphere\backend\node_modules\mongoose\lib\model.js:674:7)
    at Function.create (D:\Project Sphere\Project-Sphere\backend\node_modules\mongoose\lib\model.js:2762:5)
    at createReview (D:\Project Sphere\Project-Sphere\backend\controllers\reviewController.js:31:20)
[2026-08-07 23:00:43] INFO: POST /api/reviews 400 23.615 ms - - bytes
[2026-08-07 23:00:44] INFO: POST /api/auth/register 201 197.319 ms - - bytes
[2026-08-07 23:00:44] INFO: POST /api/auth/register 201 197.448 ms - - bytes
[2026-08-07 23:00:44] INFO: POST /api/auth/login 200 200.529 ms - - bytes
[2026-08-07 23:00:44] INFO: POST /api/auth/login 200 181.342 ms - - bytes
[2026-08-07 23:00:44] INFO: POST /api/categories 201 7.453 ms - - bytes
[2026-08-07 23:00:44] INFO: POST /api/services 201 20.573 ms - - bytes
[2026-08-07 23:00:44] INFO: POST /api/reviews 201 34.289 ms - - bytes
[2026-08-07 23:00:44] INFO: GET /api/reviews/service/6a761644491a4c7899904136 200 36.733 ms - - bytes
[2026-08-07 23:00:45] INFO: POST /api/auth/register 201 204.670 ms - - bytes
[2026-08-07 23:00:45] INFO: POST /api/auth/register 201 193.139 ms - - bytes
[2026-08-07 23:00:45] INFO: POST /api/auth/login 200 189.746 ms - - bytes
[2026-08-07 23:00:45] INFO: POST /api/auth/login 200 174.835 ms - - bytes
[2026-08-07 23:00:45] INFO: POST /api/categories 201 7.908 ms - - bytes
[2026-08-07 23:00:45] INFO: POST /api/services 201 16.406 ms - - bytes
[2026-08-07 23:00:45] INFO: GET /api/reviews/service/6a761645491a4c789990413b 200 5.103 ms - - bytes
[2026-08-07 23:00:46] INFO: POST /api/auth/register 201 187.297 ms - - bytes
[2026-08-07 23:00:46] INFO: POST /api/auth/register 201 193.513 ms - - bytes
[2026-08-07 23:00:46] INFO: POST /api/auth/login 200 186.563 ms - - bytes
[2026-08-07 23:00:46] INFO: POST /api/auth/login 200 174.001 ms - - bytes
[2026-08-07 23:00:46] INFO: POST /api/categories 201 6.848 ms - - bytes
[2026-08-07 23:00:46] INFO: POST /api/services 201 14.062 ms - - bytes
[2026-08-07 23:00:46] ERROR: CastError: Cast to ObjectId failed for value "invalid-id" (type string) at path "service" for model "Review"
    at SchemaObjectId.cast (D:\Project Sphere\Project-Sphere\backend\node_modules\mongoose\lib\schema\objectId.js:252:11)
    at SchemaObjectId.SchemaType.applySetters (D:\Project Sphere\Project-Sphere\backend\node_modules\mongoose\lib\schemaType.js:1373:12)
    at SchemaObjectId.SchemaType.castForQuery (D:\Project Sphere\Project-Sphere\backend\node_modules\mongoose\lib\schemaType.js:1793:17)
    at cast (D:\Project Sphere\Project-Sphere\backend\node_modules\mongoose\lib\cast.js:386:32)
    at model.Query.Query.cast (D:\Project Sphere\Project-Sphere\backend\node_modules\mongoose\lib\query.js:5228:12)
    at model.Query.Query._castConditions (D:\Project Sphere\Project-Sphere\backend\node_modules\mongoose\lib\query.js:2411:10)
    at model.Query._find (D:\Project Sphere\Project-Sphere\backend\node_modules\mongoose\lib\query.js:2438:8)
    at maybeTracedQueryExec (D:\Project Sphere\Project-Sphere\backend\node_modules\mongoose\lib\query.js:4801:83)
    at processTicksAndRejections (node:internal/process/task_queues:95:5)
    at getServiceReviews (D:\Project Sphere\Project-Sphere\backend\controllers\reviewController.js:56:21)
[2026-08-07 23:00:46] INFO: GET /api/reviews/service/invalid-id 400 4.180 ms - - bytes
[2026-08-07 23:00:46] INFO: POST /api/auth/register 201 174.935 ms - - bytes
[2026-08-07 23:00:47] INFO: POST /api/auth/register 201 200.066 ms - - bytes
[2026-08-07 23:00:47] INFO: POST /api/auth/login 200 208.975 ms - - bytes
[2026-08-07 23:00:47] INFO: POST /api/auth/login 200 212.556 ms - - bytes
[2026-08-07 23:00:47] INFO: POST /api/categories 201 12.925 ms - - bytes
[2026-08-07 23:00:47] INFO: POST /api/services 201 27.142 ms - - bytes
[2026-08-07 23:00:47] INFO: GET /api/reviews/service/6a761647491a4c7899904144 200 7.159 ms - - bytes
[2026-08-07 23:00:47] INFO: POST /api/auth/register 201 195.894 ms - - bytes
[2026-08-07 23:00:48] INFO: POST /api/auth/register 201 222.860 ms - - bytes
[2026-08-07 23:00:48] INFO: POST /api/auth/login 200 203.298 ms - - bytes
[2026-08-07 23:00:48] INFO: POST /api/auth/login 200 242.977 ms - - bytes
[2026-08-07 23:00:48] INFO: POST /api/categories 201 13.652 ms - - bytes
[2026-08-07 23:00:48] INFO: POST /api/services 201 24.903 ms - - bytes
[2026-08-07 23:00:48] INFO: POST /api/reviews 201 35.518 ms - - bytes
[2026-08-07 23:00:48] INFO: PUT /api/reviews/6a761648491a4c7899904149 200 41.125 ms - - bytes
[2026-08-07 23:00:49] INFO: POST /api/auth/register 201 209.484 ms - - bytes
[2026-08-07 23:00:49] INFO: POST /api/auth/register 201 203.143 ms - - bytes
[2026-08-07 23:00:49] INFO: POST /api/auth/login 200 191.025 ms - - bytes
[2026-08-07 23:00:49] INFO: POST /api/auth/login 200 189.015 ms - - bytes
[2026-08-07 23:00:49] INFO: POST /api/categories 201 10.848 ms - - bytes
[2026-08-07 23:00:49] INFO: POST /api/services 201 19.080 ms - - bytes
[2026-08-07 23:00:49] INFO: POST /api/reviews 201 42.668 ms - - bytes
[2026-08-07 23:00:49] INFO: PUT /api/reviews/6a761649491a4c789990414e 401 0.627 ms - - bytes
[2026-08-07 23:00:50] INFO: POST /api/auth/register 201 200.284 ms - - bytes
[2026-08-07 23:00:50] INFO: POST /api/auth/register 201 226.639 ms - - bytes
[2026-08-07 23:00:50] INFO: POST /api/auth/login 200 190.173 ms - - bytes
[2026-08-07 23:00:50] INFO: POST /api/auth/login 200 234.023 ms - - bytes
[2026-08-07 23:00:50] INFO: POST /api/categories 201 11.352 ms - - bytes
[2026-08-07 23:00:50] INFO: POST /api/services 201 23.998 ms - - bytes
[2026-08-07 23:00:50] INFO: POST /api/reviews 201 32.641 ms - - bytes
[2026-08-07 23:00:51] INFO: POST /api/auth/register 201 205.242 ms - - bytes
[2026-08-07 23:00:51] INFO: POST /api/auth/login 200 205.906 ms - - bytes
[2026-08-07 23:00:51] INFO: PUT /api/reviews/6a76164a491a4c7899904153 403 10.956 ms - - bytes
[2026-08-07 23:00:51] INFO: POST /api/auth/register 201 203.112 ms - - bytes
[2026-08-07 23:00:51] INFO: POST /api/auth/register 201 193.895 ms - - bytes
[2026-08-07 23:00:52] INFO: POST /api/auth/login 200 192.911 ms - - bytes
[2026-08-07 23:00:52] INFO: POST /api/auth/login 200 197.578 ms - - bytes
[2026-08-07 23:00:52] INFO: POST /api/categories 201 10.110 ms - - bytes
[2026-08-07 23:00:52] INFO: POST /api/services 201 14.708 ms - - bytes
[2026-08-07 23:00:52] INFO: PUT /api/reviews/6a76164c491a4c7899904159 404 7.627 ms - - bytes
[2026-08-07 23:00:52] INFO: POST /api/auth/register 201 199.368 ms - - bytes
[2026-08-07 23:00:52] INFO: POST /api/auth/register 201 213.018 ms - - bytes
[2026-08-07 23:00:53] INFO: POST /api/auth/login 200 206.770 ms - - bytes
[2026-08-07 23:00:53] INFO: POST /api/auth/login 200 219.000 ms - - bytes
[2026-08-07 23:00:53] INFO: POST /api/categories 201 11.731 ms - - bytes
[2026-08-07 23:00:53] INFO: POST /api/services 201 21.538 ms - - bytes
[2026-08-07 23:00:53] ERROR: CastError: Cast to ObjectId failed for value "invalid-id" (type string) at path "_id" for model "Review"
    at SchemaObjectId.cast (D:\Project Sphere\Project-Sphere\backend\node_modules\mongoose\lib\schema\objectId.js:252:11)
    at SchemaObjectId.SchemaType.applySetters (D:\Project Sphere\Project-Sphere\backend\node_modules\mongoose\lib\schemaType.js:1373:12)
    at SchemaObjectId.SchemaType.castForQuery (D:\Project Sphere\Project-Sphere\backend\node_modules\mongoose\lib\schemaType.js:1793:17)
    at cast (D:\Project Sphere\Project-Sphere\backend\node_modules\mongoose\lib\cast.js:386:32)
    at model.Query.Query.cast (D:\Project Sphere\Project-Sphere\backend\node_modules\mongoose\lib\query.js:5228:12)
    at model.Query.Query._castConditions (D:\Project Sphere\Project-Sphere\backend\node_modules\mongoose\lib\query.js:2411:10)
    at model.Query._findOne (D:\Project Sphere\Project-Sphere\backend\node_modules\mongoose\lib\query.js:2758:8)
    at maybeTracedQueryExec (D:\Project Sphere\Project-Sphere\backend\node_modules\mongoose\lib\query.js:4801:83)
    at processTicksAndRejections (node:internal/process/task_queues:95:5)
    at updateReview (D:\Project Sphere\Project-Sphere\backend\controllers\reviewController.js:76:20)
[2026-08-07 23:00:53] INFO: PUT /api/reviews/invalid-id 400 8.065 ms - - bytes
[2026-08-07 23:00:53] INFO: POST /api/auth/register 201 183.435 ms - - bytes
[2026-08-07 23:00:53] INFO: POST /api/auth/register 201 188.048 ms - - bytes
[2026-08-07 23:00:54] INFO: POST /api/auth/login 200 183.701 ms - - bytes
[2026-08-07 23:00:54] INFO: POST /api/auth/login 200 180.978 ms - - bytes
[2026-08-07 23:00:54] INFO: POST /api/categories 201 6.945 ms - - bytes
[2026-08-07 23:00:54] INFO: POST /api/services 201 10.959 ms - - bytes
[2026-08-07 23:00:54] INFO: POST /api/reviews 201 25.027 ms - - bytes
[2026-08-07 23:00:54] ERROR: ValidationError: Review validation failed: rating: Path `rating` (10) is more than maximum allowed value (5).
    at model.validate (D:\Project Sphere\Project-Sphere\backend\node_modules\mongoose\lib\document.js:2864:36)
    at processTicksAndRejections (node:internal/process/task_queues:95:5)
    at model.$__save (D:\Project Sphere\Project-Sphere\backend\node_modules\mongoose\lib\model.js:398:7)
    at maybeTracedSave (D:\Project Sphere\Project-Sphere\backend\node_modules\mongoose\lib\model.js:674:7)
    at updateReview (D:\Project Sphere\Project-Sphere\backend\controllers\reviewController.js:95:5)
[2026-08-07 23:00:54] INFO: PUT /api/reviews/6a76164e491a4c7899904162 400 12.296 ms - - bytes
[2026-08-07 23:00:54] INFO: POST /api/auth/register 201 182.340 ms - - bytes
[2026-08-07 23:00:54] INFO: POST /api/auth/register 201 180.803 ms - - bytes
[2026-08-07 23:00:54] INFO: POST /api/auth/login 200 185.224 ms - - bytes
[2026-08-07 23:00:55] INFO: POST /api/auth/login 200 179.980 ms - - bytes
[2026-08-07 23:00:55] INFO: POST /api/categories 201 7.583 ms - - bytes
[2026-08-07 23:00:55] INFO: POST /api/services 201 13.364 ms - - bytes
[2026-08-07 23:00:55] INFO: POST /api/reviews 201 22.790 ms - - bytes
[2026-08-07 23:03:38] INFO: POST /api/auth/register 201 272.842 ms - - bytes
[2026-08-07 23:03:39] INFO: POST /api/auth/register 201 194.414 ms - - bytes
[2026-08-07 23:03:39] INFO: POST /api/auth/login 200 196.208 ms - - bytes
[2026-08-07 23:03:39] INFO: POST /api/auth/login 200 191.757 ms - - bytes
[2026-08-07 23:03:39] INFO: POST /api/categories 201 10.429 ms - - bytes
[2026-08-07 23:03:39] INFO: POST /api/services 201 31.913 ms - - bytes
[2026-08-07 23:03:39] INFO: POST /api/reviews 201 41.448 ms - - bytes
[2026-08-07 23:03:39] INFO: POST /api/auth/register 201 196.272 ms - - bytes
[2026-08-07 23:03:39] INFO: POST /api/auth/register 201 191.546 ms - - bytes
[2026-08-07 23:03:40] INFO: POST /api/auth/login 200 192.185 ms - - bytes
[2026-08-07 23:03:40] INFO: POST /api/auth/login 200 193.809 ms - - bytes
[2026-08-07 23:03:40] INFO: POST /api/categories 201 7.517 ms - - bytes
[2026-08-07 23:03:40] INFO: POST /api/services 201 15.478 ms - - bytes
[2026-08-07 23:03:40] INFO: POST /api/reviews 401 0.815 ms - - bytes
[2026-08-07 23:03:40] INFO: POST /api/auth/register 201 194.506 ms - - bytes
[2026-08-07 23:03:40] INFO: POST /api/auth/register 201 211.071 ms - - bytes
[2026-08-07 23:03:41] INFO: POST /api/auth/login 200 191.098 ms - - bytes
[2026-08-07 23:03:41] INFO: POST /api/auth/login 200 192.001 ms - - bytes
[2026-08-07 23:03:41] INFO: POST /api/categories 201 8.359 ms - - bytes
[2026-08-07 23:03:41] INFO: POST /api/services 201 21.172 ms - - bytes
[2026-08-07 23:03:41] INFO: POST /api/reviews 404 7.192 ms - - bytes
[2026-08-07 23:03:41] INFO: POST /api/auth/register 201 201.696 ms - - bytes
[2026-08-07 23:03:41] INFO: POST /api/auth/register 201 191.876 ms - - bytes
[2026-08-07 23:03:42] INFO: POST /api/auth/login 200 192.317 ms - - bytes
[2026-08-07 23:03:42] INFO: POST /api/auth/login 200 198.022 ms - - bytes
[2026-08-07 23:03:42] INFO: POST /api/categories 201 8.500 ms - - bytes
[2026-08-07 23:03:42] INFO: POST /api/services 201 12.656 ms - - bytes
[2026-08-07 23:03:42] ERROR: CastError: Cast to ObjectId failed for value "invalid-id" (type string) at path "_id" for model "Service"
    at SchemaObjectId.cast (D:\Project Sphere\Project-Sphere\backend\node_modules\mongoose\lib\schema\objectId.js:252:11)
    at SchemaObjectId.SchemaType.applySetters (D:\Project Sphere\Project-Sphere\backend\node_modules\mongoose\lib\schemaType.js:1373:12)
    at SchemaObjectId.SchemaType.castForQuery (D:\Project Sphere\Project-Sphere\backend\node_modules\mongoose\lib\schemaType.js:1793:17)
    at cast (D:\Project Sphere\Project-Sphere\backend\node_modules\mongoose\lib\cast.js:386:32)
    at model.Query.Query.cast (D:\Project Sphere\Project-Sphere\backend\node_modules\mongoose\lib\query.js:5228:12)
    at model.Query.Query._castConditions (D:\Project Sphere\Project-Sphere\backend\node_modules\mongoose\lib\query.js:2411:10)
    at model.Query._findOne (D:\Project Sphere\Project-Sphere\backend\node_modules\mongoose\lib\query.js:2758:8)
    at maybeTracedQueryExec (D:\Project Sphere\Project-Sphere\backend\node_modules\mongoose\lib\query.js:4801:83)
    at processTicksAndRejections (node:internal/process/task_queues:95:5)
    at createReview (D:\Project Sphere\Project-Sphere\backend\controllers\reviewController.js:7:29)
[2026-08-07 23:03:42] INFO: POST /api/reviews 400 26.622 ms - - bytes
[2026-08-07 23:03:42] INFO: POST /api/auth/register 201 195.760 ms - - bytes
[2026-08-07 23:03:42] INFO: POST /api/auth/register 201 192.206 ms - - bytes
[2026-08-07 23:03:43] INFO: POST /api/auth/login 200 193.025 ms - - bytes
[2026-08-07 23:03:43] INFO: POST /api/auth/login 200 193.025 ms - - bytes
[2026-08-07 23:03:43] INFO: POST /api/categories 201 7.872 ms - - bytes
[2026-08-07 23:03:43] INFO: POST /api/services 201 10.013 ms - - bytes
[2026-08-07 23:03:43] INFO: POST /api/reviews 201 22.170 ms - - bytes
[2026-08-07 23:03:43] INFO: POST /api/reviews 400 9.833 ms - - bytes
[2026-08-07 23:03:43] INFO: POST /api/auth/register 201 189.969 ms - - bytes
[2026-08-07 23:03:43] INFO: POST /api/auth/register 201 192.812 ms - - bytes
[2026-08-07 23:03:43] INFO: POST /api/auth/login 200 187.956 ms - - bytes
[2026-08-07 23:03:44] INFO: POST /api/auth/login 200 192.637 ms - - bytes
[2026-08-07 23:03:44] INFO: POST /api/categories 201 6.440 ms - - bytes
[2026-08-07 23:03:44] INFO: POST /api/services 201 11.196 ms - - bytes
[2026-08-07 23:03:44] ERROR: ValidationError: Review validation failed: rating: Path `rating` (10) is more than maximum allowed value (5).
    at model.validate (D:\Project Sphere\Project-Sphere\backend\node_modules\mongoose\lib\document.js:2864:36)
    at processTicksAndRejections (node:internal/process/task_queues:95:5)
    at model.$__save (D:\Project Sphere\Project-Sphere\backend\node_modules\mongoose\lib\model.js:398:7)
    at maybeTracedSave (D:\Project Sphere\Project-Sphere\backend\node_modules\mongoose\lib\model.js:674:7)
    at Function.create (D:\Project Sphere\Project-Sphere\backend\node_modules\mongoose\lib\model.js:2762:5)
    at createReview (D:\Project Sphere\Project-Sphere\backend\controllers\reviewController.js:31:20)
[2026-08-07 23:03:44] INFO: POST /api/reviews 400 18.607 ms - - bytes
[2026-08-07 23:03:44] INFO: POST /api/auth/register 201 194.348 ms - - bytes
[2026-08-07 23:03:44] INFO: POST /api/auth/register 201 192.413 ms - - bytes
[2026-08-07 23:03:44] INFO: POST /api/auth/login 200 195.078 ms - - bytes
[2026-08-07 23:03:45] INFO: POST /api/auth/login 200 198.739 ms - - bytes
[2026-08-07 23:03:45] INFO: POST /api/categories 201 9.747 ms - - bytes
[2026-08-07 23:03:45] INFO: POST /api/services 201 12.243 ms - - bytes
[2026-08-07 23:03:45] ERROR: ValidationError: Review validation failed: comment: Path `comment` is required.
    at model.validate (D:\Project Sphere\Project-Sphere\backend\node_modules\mongoose\lib\document.js:2864:36)
    at processTicksAndRejections (node:internal/process/task_queues:95:5)
    at model.$__save (D:\Project Sphere\Project-Sphere\backend\node_modules\mongoose\lib\model.js:398:7)
    at maybeTracedSave (D:\Project Sphere\Project-Sphere\backend\node_modules\mongoose\lib\model.js:674:7)
    at Function.create (D:\Project Sphere\Project-Sphere\backend\node_modules\mongoose\lib\model.js:2762:5)
    at createReview (D:\Project Sphere\Project-Sphere\backend\controllers\reviewController.js:31:20)
[2026-08-07 23:03:45] INFO: POST /api/reviews 400 12.110 ms - - bytes
[2026-08-07 23:03:45] INFO: POST /api/auth/register 201 200.178 ms - - bytes
[2026-08-07 23:03:45] INFO: POST /api/auth/register 201 191.984 ms - - bytes
[2026-08-07 23:03:45] INFO: POST /api/auth/login 200 190.446 ms - - bytes
[2026-08-07 23:03:45] INFO: POST /api/auth/login 200 197.333 ms - - bytes
[2026-08-07 23:03:46] INFO: POST /api/categories 201 5.609 ms - - bytes
[2026-08-07 23:03:46] INFO: POST /api/services 201 12.396 ms - - bytes
[2026-08-07 23:03:46] INFO: POST /api/reviews 201 24.287 ms - - bytes
[2026-08-07 23:03:46] INFO: GET /api/reviews/service/6a7616fa0cbca95111aba117 200 22.812 ms - - bytes
[2026-08-07 23:03:46] INFO: POST /api/auth/register 201 189.492 ms - - bytes
[2026-08-07 23:03:46] INFO: POST /api/auth/register 201 190.598 ms - - bytes
[2026-08-07 23:03:46] INFO: POST /api/auth/login 200 191.404 ms - - bytes
[2026-08-07 23:03:46] INFO: POST /api/auth/login 200 194.126 ms - - bytes
[2026-08-07 23:03:46] INFO: POST /api/categories 201 8.938 ms - - bytes
[2026-08-07 23:03:46] INFO: POST /api/services 201 10.291 ms - - bytes
[2026-08-07 23:03:46] INFO: GET /api/reviews/service/6a7616fa0cbca95111aba11c 200 5.110 ms - - bytes
[2026-08-07 23:03:47] INFO: POST /api/auth/register 201 208.838 ms - - bytes
[2026-08-07 23:03:47] INFO: POST /api/auth/register 201 206.087 ms - - bytes
[2026-08-07 23:03:47] INFO: POST /api/auth/login 200 189.003 ms - - bytes
[2026-08-07 23:03:47] INFO: POST /api/auth/login 200 198.948 ms - - bytes
[2026-08-07 23:03:47] INFO: POST /api/categories 201 9.566 ms - - bytes
[2026-08-07 23:03:47] INFO: POST /api/services 201 13.224 ms - - bytes
[2026-08-07 23:03:47] ERROR: CastError: Cast to ObjectId failed for value "invalid-id" (type string) at path "service" for model "Review"
    at SchemaObjectId.cast (D:\Project Sphere\Project-Sphere\backend\node_modules\mongoose\lib\schema\objectId.js:252:11)
    at SchemaObjectId.SchemaType.applySetters (D:\Project Sphere\Project-Sphere\backend\node_modules\mongoose\lib\schemaType.js:1373:12)
    at SchemaObjectId.SchemaType.castForQuery (D:\Project Sphere\Project-Sphere\backend\node_modules\mongoose\lib\schemaType.js:1793:17)
    at cast (D:\Project Sphere\Project-Sphere\backend\node_modules\mongoose\lib\cast.js:386:32)
    at model.Query.Query.cast (D:\Project Sphere\Project-Sphere\backend\node_modules\mongoose\lib\query.js:5228:12)
    at model.Query.Query._castConditions (D:\Project Sphere\Project-Sphere\backend\node_modules\mongoose\lib\query.js:2411:10)
    at model.Query._find (D:\Project Sphere\Project-Sphere\backend\node_modules\mongoose\lib\query.js:2438:8)
    at maybeTracedQueryExec (D:\Project Sphere\Project-Sphere\backend\node_modules\mongoose\lib\query.js:4801:83)
    at processTicksAndRejections (node:internal/process/task_queues:95:5)
    at getServiceReviews (D:\Project Sphere\Project-Sphere\backend\controllers\reviewController.js:56:21)
[2026-08-07 23:03:47] INFO: GET /api/reviews/service/invalid-id 400 4.940 ms - - bytes
[2026-08-07 23:03:48] INFO: POST /api/auth/register 201 202.181 ms - - bytes
[2026-08-07 23:03:48] INFO: POST /api/auth/register 201 200.472 ms - - bytes
[2026-08-07 23:03:48] INFO: POST /api/auth/login 200 219.453 ms - - bytes
[2026-08-07 23:03:48] INFO: POST /api/auth/login 200 248.678 ms - - bytes
[2026-08-07 23:03:48] INFO: POST /api/categories 201 8.042 ms - - bytes
[2026-08-07 23:03:48] INFO: POST /api/services 201 15.457 ms - - bytes
[2026-08-07 23:03:48] INFO: GET /api/reviews/service/6a7616fc0cbca95111aba125 200 3.644 ms - - bytes
[2026-08-07 23:03:49] INFO: POST /api/auth/register 201 211.836 ms - - bytes
[2026-08-07 23:03:49] INFO: POST /api/auth/register 201 213.307 ms - - bytes
[2026-08-07 23:03:49] INFO: POST /api/auth/login 200 190.465 ms - - bytes
[2026-08-07 23:03:49] INFO: POST /api/auth/login 200 193.112 ms - - bytes
[2026-08-07 23:03:49] INFO: POST /api/categories 201 7.772 ms - - bytes
[2026-08-07 23:03:49] INFO: POST /api/services 201 17.538 ms - - bytes
[2026-08-07 23:03:49] INFO: POST /api/reviews 201 25.456 ms - - bytes
[2026-08-07 23:03:50] INFO: PUT /api/reviews/6a7616fd0cbca95111aba12a 200 39.187 ms - - bytes
[2026-08-07 23:03:50] INFO: POST /api/auth/register 201 203.572 ms - - bytes
[2026-08-07 23:03:50] INFO: POST /api/auth/register 201 210.435 ms - - bytes
[2026-08-07 23:03:50] INFO: POST /api/auth/login 200 205.008 ms - - bytes
[2026-08-07 23:03:50] INFO: POST /api/auth/login 200 199.305 ms - - bytes
[2026-08-07 23:03:50] INFO: POST /api/categories 201 9.171 ms - - bytes
[2026-08-07 23:03:50] INFO: POST /api/services 201 15.994 ms - - bytes
[2026-08-07 23:03:51] INFO: POST /api/reviews 201 31.453 ms - - bytes
[2026-08-07 23:03:51] INFO: PUT /api/reviews/6a7616fe0cbca95111aba12f 401 0.525 ms - - bytes
[2026-08-07 23:03:51] INFO: POST /api/auth/register 201 203.001 ms - - bytes
[2026-08-07 23:03:51] INFO: POST /api/auth/register 201 195.427 ms - - bytes
[2026-08-07 23:03:51] INFO: POST /api/auth/login 200 188.068 ms - - bytes
[2026-08-07 23:03:51] INFO: POST /api/auth/login 200 193.294 ms - - bytes
[2026-08-07 23:03:51] INFO: POST /api/categories 201 5.599 ms - - bytes
[2026-08-07 23:03:51] INFO: POST /api/services 201 14.541 ms - - bytes
[2026-08-07 23:03:51] INFO: POST /api/reviews 201 19.355 ms - - bytes
[2026-08-07 23:03:52] INFO: POST /api/auth/register 201 192.537 ms - - bytes
[2026-08-07 23:03:52] INFO: POST /api/auth/login 200 186.518 ms - - bytes
[2026-08-07 23:03:52] INFO: PUT /api/reviews/6a7616ff0cbca95111aba134 403 6.162 ms - - bytes
[2026-08-07 23:03:52] INFO: POST /api/auth/register 201 195.151 ms - - bytes
[2026-08-07 23:03:52] INFO: POST /api/auth/register 201 189.738 ms - - bytes
[2026-08-07 23:03:53] INFO: POST /api/auth/login 200 189.703 ms - - bytes
[2026-08-07 23:03:53] INFO: POST /api/auth/login 200 193.746 ms - - bytes
[2026-08-07 23:03:53] INFO: POST /api/categories 201 7.177 ms - - bytes
[2026-08-07 23:03:53] INFO: POST /api/services 201 10.357 ms - - bytes
[2026-08-07 23:03:53] INFO: PUT /api/reviews/6a7617010cbca95111aba13a 404 5.061 ms - - bytes
[2026-08-07 23:03:53] INFO: POST /api/auth/register 201 190.213 ms - - bytes
[2026-08-07 23:03:53] INFO: POST /api/auth/register 201 190.400 ms - - bytes
[2026-08-07 23:03:53] INFO: POST /api/auth/login 200 191.363 ms - - bytes
[2026-08-07 23:03:54] INFO: POST /api/auth/login 200 189.156 ms - - bytes
[2026-08-07 23:03:54] INFO: POST /api/categories 201 5.469 ms - - bytes
[2026-08-07 23:03:54] INFO: POST /api/services 201 11.176 ms - - bytes
[2026-08-07 23:03:54] ERROR: CastError: Cast to ObjectId failed for value "invalid-id" (type string) at path "_id" for model "Review"
    at SchemaObjectId.cast (D:\Project Sphere\Project-Sphere\backend\node_modules\mongoose\lib\schema\objectId.js:252:11)
    at SchemaObjectId.SchemaType.applySetters (D:\Project Sphere\Project-Sphere\backend\node_modules\mongoose\lib\schemaType.js:1373:12)
    at SchemaObjectId.SchemaType.castForQuery (D:\Project Sphere\Project-Sphere\backend\node_modules\mongoose\lib\schemaType.js:1793:17)
    at cast (D:\Project Sphere\Project-Sphere\backend\node_modules\mongoose\lib\cast.js:386:32)
    at model.Query.Query.cast (D:\Project Sphere\Project-Sphere\backend\node_modules\mongoose\lib\query.js:5228:12)
    at model.Query.Query._castConditions (D:\Project Sphere\Project-Sphere\backend\node_modules\mongoose\lib\query.js:2411:10)
    at model.Query._findOne (D:\Project Sphere\Project-Sphere\backend\node_modules\mongoose\lib\query.js:2758:8)
    at maybeTracedQueryExec (D:\Project Sphere\Project-Sphere\backend\node_modules\mongoose\lib\query.js:4801:83)
    at processTicksAndRejections (node:internal/process/task_queues:95:5)
    at updateReview (D:\Project Sphere\Project-Sphere\backend\controllers\reviewController.js:76:20)
[2026-08-07 23:03:54] INFO: PUT /api/reviews/invalid-id 400 5.600 ms - - bytes
[2026-08-07 23:03:54] INFO: POST /api/auth/register 201 190.927 ms - - bytes
[2026-08-07 23:03:54] INFO: POST /api/auth/register 201 190.837 ms - - bytes
[2026-08-07 23:03:54] INFO: POST /api/auth/login 200 190.036 ms - - bytes
[2026-08-07 23:03:54] INFO: POST /api/auth/login 200 189.187 ms - - bytes
[2026-08-07 23:03:54] INFO: POST /api/categories 201 5.617 ms - - bytes
[2026-08-07 23:03:55] INFO: POST /api/services 201 17.842 ms - - bytes
[2026-08-07 23:03:55] INFO: POST /api/reviews 201 19.683 ms - - bytes
[2026-08-07 23:03:55] ERROR: ValidationError: Review validation failed: rating: Path `rating` (10) is more than maximum allowed value (5).
    at model.validate (D:\Project Sphere\Project-Sphere\backend\node_modules\mongoose\lib\document.js:2864:36)
    at processTicksAndRejections (node:internal/process/task_queues:95:5)
    at model.$__save (D:\Project Sphere\Project-Sphere\backend\node_modules\mongoose\lib\model.js:398:7)
    at maybeTracedSave (D:\Project Sphere\Project-Sphere\backend\node_modules\mongoose\lib\model.js:674:7)
    at updateReview (D:\Project Sphere\Project-Sphere\backend\controllers\reviewController.js:95:5)
[2026-08-07 23:03:55] INFO: PUT /api/reviews/6a7617030cbca95111aba143 400 7.694 ms - - bytes
[2026-08-07 23:03:55] INFO: POST /api/auth/register 201 191.689 ms - - bytes
[2026-08-07 23:03:55] INFO: POST /api/auth/register 201 189.469 ms - - bytes
[2026-08-07 23:03:55] INFO: POST /api/auth/login 200 190.879 ms - - bytes
[2026-08-07 23:03:55] INFO: POST /api/auth/login 200 188.973 ms - - bytes
[2026-08-07 23:03:55] INFO: POST /api/categories 201 5.111 ms - - bytes
[2026-08-07 23:03:55] INFO: POST /api/services 201 13.494 ms - - bytes
[2026-08-07 23:03:55] INFO: POST /api/reviews 201 19.909 ms - - bytes
[2026-08-07 23:12:20] INFO: POST /api/auth/register 201 265.890 ms - - bytes
[2026-08-07 23:12:20] INFO: POST /api/auth/register 201 194.330 ms - - bytes
[2026-08-07 23:12:20] INFO: POST /api/auth/login 200 198.119 ms - - bytes
[2026-08-07 23:12:20] INFO: POST /api/auth/login 200 248.125 ms - - bytes
[2026-08-07 23:12:20] INFO: POST /api/categories 201 16.400 ms - - bytes
[2026-08-07 23:12:20] INFO: POST /api/services 201 46.633 ms - - bytes
[2026-08-07 23:12:20] INFO: POST /api/reviews 201 59.073 ms - - bytes
[2026-08-07 23:12:21] INFO: POST /api/auth/register 201 221.979 ms - - bytes
[2026-08-07 23:12:21] INFO: POST /api/auth/register 201 195.924 ms - - bytes
[2026-08-07 23:12:21] INFO: POST /api/auth/login 200 190.646 ms - - bytes
[2026-08-07 23:12:21] INFO: POST /api/auth/login 200 190.564 ms - - bytes
[2026-08-07 23:12:21] INFO: POST /api/categories 201 5.899 ms - - bytes
[2026-08-07 23:12:21] INFO: POST /api/services 201 21.228 ms - - bytes
[2026-08-07 23:12:21] INFO: POST /api/reviews 401 1.151 ms - - bytes
[2026-08-07 23:12:22] INFO: POST /api/auth/register 201 192.004 ms - - bytes
[2026-08-07 23:12:22] INFO: POST /api/auth/register 201 190.774 ms - - bytes
[2026-08-07 23:12:22] INFO: POST /api/auth/login 200 189.966 ms - - bytes
[2026-08-07 23:12:22] INFO: POST /api/auth/login 200 187.593 ms - - bytes
[2026-08-07 23:12:22] INFO: POST /api/categories 201 6.904 ms - - bytes
[2026-08-07 23:12:22] INFO: POST /api/services 201 14.376 ms - - bytes
[2026-08-07 23:12:22] INFO: POST /api/reviews 404 6.842 ms - - bytes
[2026-08-07 23:12:23] INFO: POST /api/auth/register 201 220.348 ms - - bytes
[2026-08-07 23:12:23] INFO: POST /api/auth/register 201 214.198 ms - - bytes
[2026-08-07 23:12:23] INFO: POST /api/auth/login 200 209.582 ms - - bytes
[2026-08-07 23:12:23] INFO: POST /api/auth/login 200 196.773 ms - - bytes
[2026-08-07 23:12:23] INFO: POST /api/categories 201 6.920 ms - - bytes
[2026-08-07 23:12:23] INFO: POST /api/services 201 15.282 ms - - bytes
[2026-08-07 23:12:23] ERROR: CastError: Cast to ObjectId failed for value "invalid-id" (type string) at path "_id" for model "Service"
    at SchemaObjectId.cast (D:\Project Sphere\Project-Sphere\backend\node_modules\mongoose\lib\schema\objectId.js:252:11)
    at SchemaObjectId.SchemaType.applySetters (D:\Project Sphere\Project-Sphere\backend\node_modules\mongoose\lib\schemaType.js:1373:12)
    at SchemaObjectId.SchemaType.castForQuery (D:\Project Sphere\Project-Sphere\backend\node_modules\mongoose\lib\schemaType.js:1793:17)
    at cast (D:\Project Sphere\Project-Sphere\backend\node_modules\mongoose\lib\cast.js:386:32)
    at model.Query.Query.cast (D:\Project Sphere\Project-Sphere\backend\node_modules\mongoose\lib\query.js:5228:12)
    at model.Query.Query._castConditions (D:\Project Sphere\Project-Sphere\backend\node_modules\mongoose\lib\query.js:2411:10)
    at model.Query._findOne (D:\Project Sphere\Project-Sphere\backend\node_modules\mongoose\lib\query.js:2758:8)
    at maybeTracedQueryExec (D:\Project Sphere\Project-Sphere\backend\node_modules\mongoose\lib\query.js:4801:83)
    at processTicksAndRejections (node:internal/process/task_queues:95:5)
    at createReview (D:\Project Sphere\Project-Sphere\backend\controllers\reviewController.js:7:29)
[2026-08-07 23:12:23] INFO: POST /api/reviews 400 20.758 ms - - bytes
[2026-08-07 23:12:24] INFO: POST /api/auth/register 201 197.341 ms - - bytes
[2026-08-07 23:12:24] INFO: POST /api/auth/register 201 194.926 ms - - bytes
[2026-08-07 23:12:24] INFO: POST /api/auth/login 200 192.707 ms - - bytes
[2026-08-07 23:12:24] INFO: POST /api/auth/login 200 191.717 ms - - bytes
[2026-08-07 23:12:24] INFO: POST /api/categories 201 8.912 ms - - bytes
[2026-08-07 23:12:24] INFO: POST /api/services 201 12.678 ms - - bytes
[2026-08-07 23:12:24] INFO: POST /api/reviews 201 25.253 ms - - bytes
[2026-08-07 23:12:24] INFO: POST /api/reviews 400 11.382 ms - - bytes
[2026-08-07 23:12:25] INFO: POST /api/auth/register 201 216.864 ms - - bytes
[2026-08-07 23:12:25] INFO: POST /api/auth/register 201 192.946 ms - - bytes
[2026-08-07 23:12:25] INFO: POST /api/auth/login 200 191.431 ms - - bytes
[2026-08-07 23:12:25] INFO: POST /api/auth/login 200 189.409 ms - - bytes
[2026-08-07 23:12:25] INFO: POST /api/categories 201 6.812 ms - - bytes
[2026-08-07 23:12:25] INFO: POST /api/services 201 11.383 ms - - bytes
[2026-08-07 23:12:25] ERROR: ValidationError: Review validation failed: rating: Path `rating` (10) is more than maximum allowed value (5).
    at model.validate (D:\Project Sphere\Project-Sphere\backend\node_modules\mongoose\lib\document.js:2864:36)
    at processTicksAndRejections (node:internal/process/task_queues:95:5)
    at model.$__save (D:\Project Sphere\Project-Sphere\backend\node_modules\mongoose\lib\model.js:398:7)
    at maybeTracedSave (D:\Project Sphere\Project-Sphere\backend\node_modules\mongoose\lib\model.js:674:7)
    at Function.create (D:\Project Sphere\Project-Sphere\backend\node_modules\mongoose\lib\model.js:2762:5)
    at createReview (D:\Project Sphere\Project-Sphere\backend\controllers\reviewController.js:31:20)
[2026-08-07 23:12:25] INFO: POST /api/reviews 400 19.014 ms - - bytes
[2026-08-07 23:12:25] INFO: POST /api/auth/register 201 190.581 ms - - bytes
[2026-08-07 23:12:26] INFO: POST /api/auth/register 201 191.978 ms - - bytes
[2026-08-07 23:12:26] INFO: POST /api/auth/login 200 187.472 ms - - bytes
[2026-08-07 23:12:26] INFO: POST /api/auth/login 200 188.588 ms - - bytes
[2026-08-07 23:12:26] INFO: POST /api/categories 201 5.517 ms - - bytes
[2026-08-07 23:12:26] INFO: POST /api/services 201 9.547 ms - - bytes
[2026-08-07 23:12:26] ERROR: ValidationError: Review validation failed: comment: Path `comment` is required.
    at model.validate (D:\Project Sphere\Project-Sphere\backend\node_modules\mongoose\lib\document.js:2864:36)
    at processTicksAndRejections (node:internal/process/task_queues:95:5)
    at model.$__save (D:\Project Sphere\Project-Sphere\backend\node_modules\mongoose\lib\model.js:398:7)
    at maybeTracedSave (D:\Project Sphere\Project-Sphere\backend\node_modules\mongoose\lib\model.js:674:7)
    at Function.create (D:\Project Sphere\Project-Sphere\backend\node_modules\mongoose\lib\model.js:2762:5)
    at createReview (D:\Project Sphere\Project-Sphere\backend\controllers\reviewController.js:31:20)
[2026-08-07 23:12:26] INFO: POST /api/reviews 400 12.809 ms - - bytes
[2026-08-07 23:12:26] INFO: POST /api/auth/register 201 189.952 ms - - bytes
[2026-08-07 23:12:27] INFO: POST /api/auth/register 201 190.197 ms - - bytes
[2026-08-07 23:12:27] INFO: POST /api/auth/login 200 191.275 ms - - bytes
[2026-08-07 23:12:27] INFO: POST /api/auth/login 200 192.246 ms - - bytes
[2026-08-07 23:12:27] INFO: POST /api/categories 201 6.212 ms - - bytes
[2026-08-07 23:12:27] INFO: POST /api/services 201 10.272 ms - - bytes
[2026-08-07 23:12:27] INFO: POST /api/reviews 201 24.009 ms - - bytes
[2026-08-07 23:12:27] INFO: GET /api/reviews/service/6a761903dc9e81459664ddd3 200 22.064 ms - - bytes
[2026-08-07 23:12:27] INFO: POST /api/auth/register 201 191.338 ms - - bytes
[2026-08-07 23:12:27] INFO: POST /api/auth/register 201 189.568 ms - - bytes
[2026-08-07 23:12:28] INFO: POST /api/auth/login 200 192.411 ms - - bytes
[2026-08-07 23:12:28] INFO: POST /api/auth/login 200 191.783 ms - - bytes
[2026-08-07 23:12:28] INFO: POST /api/categories 201 6.971 ms - - bytes
[2026-08-07 23:12:28] INFO: POST /api/services 201 11.500 ms - - bytes
[2026-08-07 23:12:28] INFO: GET /api/reviews/service/6a761904dc9e81459664ddd8 200 5.971 ms - - bytes
[2026-08-07 23:12:28] INFO: POST /api/auth/register 201 189.065 ms - - bytes
[2026-08-07 23:12:28] INFO: POST /api/auth/register 201 192.934 ms - - bytes
[2026-08-07 23:12:29] INFO: POST /api/auth/login 200 189.383 ms - - bytes
[2026-08-07 23:12:29] INFO: POST /api/auth/login 200 193.184 ms - - bytes
[2026-08-07 23:12:29] INFO: POST /api/categories 201 9.987 ms - - bytes
[2026-08-07 23:12:29] INFO: POST /api/services 201 11.506 ms - - bytes
[2026-08-07 23:12:29] ERROR: CastError: Cast to ObjectId failed for value "invalid-id" (type string) at path "service" for model "Review"
    at SchemaObjectId.cast (D:\Project Sphere\Project-Sphere\backend\node_modules\mongoose\lib\schema\objectId.js:252:11)
    at SchemaObjectId.SchemaType.applySetters (D:\Project Sphere\Project-Sphere\backend\node_modules\mongoose\lib\schemaType.js:1373:12)
    at SchemaObjectId.SchemaType.castForQuery (D:\Project Sphere\Project-Sphere\backend\node_modules\mongoose\lib\schemaType.js:1793:17)
    at cast (D:\Project Sphere\Project-Sphere\backend\node_modules\mongoose\lib\cast.js:386:32)
    at model.Query.Query.cast (D:\Project Sphere\Project-Sphere\backend\node_modules\mongoose\lib\query.js:5228:12)
    at model.Query.Query._castConditions (D:\Project Sphere\Project-Sphere\backend\node_modules\mongoose\lib\query.js:2411:10)
    at model.Query._find (D:\Project Sphere\Project-Sphere\backend\node_modules\mongoose\lib\query.js:2438:8)
    at maybeTracedQueryExec (D:\Project Sphere\Project-Sphere\backend\node_modules\mongoose\lib\query.js:4801:83)
    at processTicksAndRejections (node:internal/process/task_queues:95:5)
    at getServiceReviews (D:\Project Sphere\Project-Sphere\backend\controllers\reviewController.js:56:21)
[2026-08-07 23:12:29] INFO: GET /api/reviews/service/invalid-id 400 4.369 ms - - bytes
[2026-08-07 23:12:29] INFO: POST /api/auth/register 201 207.415 ms - - bytes
[2026-08-07 23:12:29] INFO: POST /api/auth/register 201 222.789 ms - - bytes
[2026-08-07 23:12:30] INFO: POST /api/auth/login 200 217.014 ms - - bytes
[2026-08-07 23:12:30] INFO: POST /api/auth/login 200 201.302 ms - - bytes
[2026-08-07 23:12:30] INFO: POST /api/categories 201 7.481 ms - - bytes
[2026-08-07 23:12:30] INFO: POST /api/services 201 10.723 ms - - bytes
[2026-08-07 23:12:30] INFO: GET /api/reviews/service/6a761906dc9e81459664dde1 200 4.008 ms - - bytes
[2026-08-07 23:12:30] INFO: POST /api/auth/register 201 195.800 ms - - bytes
[2026-08-07 23:12:30] INFO: POST /api/auth/register 201 200.709 ms - - bytes
[2026-08-07 23:12:31] INFO: POST /api/auth/login 200 200.680 ms - - bytes
[2026-08-07 23:12:31] INFO: POST /api/auth/login 200 199.696 ms - - bytes
[2026-08-07 23:12:31] INFO: POST /api/categories 201 5.789 ms - - bytes
[2026-08-07 23:12:31] INFO: POST /api/services 201 15.286 ms - - bytes
[2026-08-07 23:12:31] INFO: POST /api/reviews 201 33.203 ms - - bytes
[2026-08-07 23:12:31] INFO: PUT /api/reviews/6a761907dc9e81459664dde6 200 22.433 ms - - bytes
[2026-08-07 23:12:31] INFO: POST /api/auth/register 201 198.381 ms - - bytes
[2026-08-07 23:12:31] INFO: POST /api/auth/register 201 191.439 ms - - bytes
[2026-08-07 23:12:32] INFO: POST /api/auth/login 200 194.938 ms - - bytes
[2026-08-07 23:12:32] INFO: POST /api/auth/login 200 192.712 ms - - bytes
[2026-08-07 23:12:32] INFO: POST /api/categories 201 5.361 ms - - bytes
[2026-08-07 23:12:32] INFO: POST /api/services 201 12.646 ms - - bytes
[2026-08-07 23:12:32] INFO: POST /api/reviews 201 21.892 ms - - bytes
[2026-08-07 23:12:32] INFO: PUT /api/reviews/6a761908dc9e81459664ddeb 401 0.418 ms - - bytes
[2026-08-07 23:12:32] INFO: POST /api/auth/register 201 200.297 ms - - bytes
[2026-08-07 23:12:32] INFO: POST /api/auth/register 201 198.229 ms - - bytes
[2026-08-07 23:12:32] INFO: POST /api/auth/login 200 192.425 ms - - bytes
[2026-08-07 23:12:33] INFO: POST /api/auth/login 200 187.848 ms - - bytes
[2026-08-07 23:12:33] INFO: POST /api/categories 201 5.364 ms - - bytes
[2026-08-07 23:12:33] INFO: POST /api/services 201 10.786 ms - - bytes
[2026-08-07 23:12:33] INFO: POST /api/reviews 201 23.210 ms - - bytes
[2026-08-07 23:12:33] INFO: POST /api/auth/register 201 198.369 ms - - bytes
[2026-08-07 23:12:33] INFO: POST /api/auth/login 200 191.130 ms - - bytes
[2026-08-07 23:12:33] INFO: PUT /api/reviews/6a761909dc9e81459664ddf0 403 10.600 ms - - bytes
[2026-08-07 23:12:33] INFO: POST /api/auth/register 201 188.528 ms - - bytes
[2026-08-07 23:12:34] INFO: POST /api/auth/register 201 194.762 ms - - bytes
[2026-08-07 23:12:34] INFO: POST /api/auth/login 200 189.774 ms - - bytes
[2026-08-07 23:12:34] INFO: POST /api/auth/login 200 195.675 ms - - bytes
[2026-08-07 23:12:34] INFO: POST /api/categories 201 11.831 ms - - bytes
[2026-08-07 23:12:34] INFO: POST /api/services 201 20.077 ms - - bytes
[2026-08-07 23:12:34] INFO: PUT /api/reviews/6a76190adc9e81459664ddf6 404 7.462 ms - - bytes
[2026-08-07 23:12:34] INFO: POST /api/auth/register 201 193.685 ms - - bytes
[2026-08-07 23:12:35] INFO: POST /api/auth/register 201 206.324 ms - - bytes
[2026-08-07 23:12:35] INFO: POST /api/auth/login 200 187.802 ms - - bytes
[2026-08-07 23:12:35] INFO: POST /api/auth/login 200 190.635 ms - - bytes
[2026-08-07 23:12:35] INFO: POST /api/categories 201 6.153 ms - - bytes
[2026-08-07 23:12:35] INFO: POST /api/services 201 10.482 ms - - bytes
[2026-08-07 23:12:35] ERROR: CastError: Cast to ObjectId failed for value "invalid-id" (type string) at path "_id" for model "Review"
    at SchemaObjectId.cast (D:\Project Sphere\Project-Sphere\backend\node_modules\mongoose\lib\schema\objectId.js:252:11)
    at SchemaObjectId.SchemaType.applySetters (D:\Project Sphere\Project-Sphere\backend\node_modules\mongoose\lib\schemaType.js:1373:12)
    at SchemaObjectId.SchemaType.castForQuery (D:\Project Sphere\Project-Sphere\backend\node_modules\mongoose\lib\schemaType.js:1793:17)
    at cast (D:\Project Sphere\Project-Sphere\backend\node_modules\mongoose\lib\cast.js:386:32)
    at model.Query.Query.cast (D:\Project Sphere\Project-Sphere\backend\node_modules\mongoose\lib\query.js:5228:12)
    at model.Query.Query._castConditions (D:\Project Sphere\Project-Sphere\backend\node_modules\mongoose\lib\query.js:2411:10)
    at model.Query._findOne (D:\Project Sphere\Project-Sphere\backend\node_modules\mongoose\lib\query.js:2758:8)
    at maybeTracedQueryExec (D:\Project Sphere\Project-Sphere\backend\node_modules\mongoose\lib\query.js:4801:83)
    at processTicksAndRejections (node:internal/process/task_queues:95:5)
    at updateReview (D:\Project Sphere\Project-Sphere\backend\controllers\reviewController.js:76:20)
[2026-08-07 23:12:35] INFO: PUT /api/reviews/invalid-id 400 4.485 ms - - bytes
[2026-08-07 23:12:35] INFO: POST /api/auth/register 201 203.564 ms - - bytes
[2026-08-07 23:12:35] INFO: POST /api/auth/register 201 223.470 ms - - bytes
[2026-08-07 23:12:36] INFO: POST /api/auth/login 200 187.136 ms - - bytes
[2026-08-07 23:12:36] INFO: POST /api/auth/login 200 189.129 ms - - bytes
[2026-08-07 23:12:36] INFO: POST /api/categories 201 5.560 ms - - bytes
[2026-08-07 23:12:36] INFO: POST /api/services 201 9.384 ms - - bytes
[2026-08-07 23:12:36] INFO: POST /api/reviews 201 19.700 ms - - bytes
[2026-08-07 23:12:36] ERROR: ValidationError: Review validation failed: rating: Path `rating` (10) is more than maximum allowed value (5).
    at model.validate (D:\Project Sphere\Project-Sphere\backend\node_modules\mongoose\lib\document.js:2864:36)
    at processTicksAndRejections (node:internal/process/task_queues:95:5)
    at model.$__save (D:\Project Sphere\Project-Sphere\backend\node_modules\mongoose\lib\model.js:398:7)
    at maybeTracedSave (D:\Project Sphere\Project-Sphere\backend\node_modules\mongoose\lib\model.js:674:7)
    at updateReview (D:\Project Sphere\Project-Sphere\backend\controllers\reviewController.js:95:5)
[2026-08-07 23:12:36] INFO: PUT /api/reviews/6a76190cdc9e81459664ddff 400 7.870 ms - - bytes
[2026-08-07 23:12:36] INFO: POST /api/auth/register 201 197.232 ms - - bytes
[2026-08-07 23:12:36] INFO: POST /api/auth/register 201 189.334 ms - - bytes
[2026-08-07 23:12:37] INFO: POST /api/auth/login 200 189.834 ms - - bytes
[2026-08-07 23:12:37] INFO: POST /api/auth/login 200 189.871 ms - - bytes
[2026-08-07 23:12:37] INFO: POST /api/categories 201 6.722 ms - - bytes
[2026-08-07 23:12:37] INFO: POST /api/services 201 10.540 ms - - bytes
[2026-08-07 23:12:37] INFO: POST /api/reviews 201 18.878 ms - - bytes
[2026-08-07 23:12:37] INFO: DELETE /api/reviews/6a76190ddc9e81459664de04 200 18.146 ms - - bytes
[2026-08-07 23:12:37] INFO: POST /api/auth/register 201 204.444 ms - - bytes
[2026-08-07 23:12:37] INFO: POST /api/auth/register 201 191.394 ms - - bytes
[2026-08-07 23:12:38] INFO: POST /api/auth/login 200 188.860 ms - - bytes
[2026-08-07 23:12:38] INFO: POST /api/auth/login 200 191.822 ms - - bytes
[2026-08-07 23:12:38] INFO: POST /api/categories 201 6.356 ms - - bytes
[2026-08-07 23:12:38] INFO: POST /api/services 201 11.588 ms - - bytes
[2026-08-07 23:12:38] INFO: POST /api/reviews 201 22.224 ms - - bytes
[2026-08-07 23:12:38] INFO: DELETE /api/reviews/6a76190edc9e81459664de09 200 14.540 ms - - bytes
[2026-08-07 23:12:38] INFO: POST /api/auth/register 201 191.992 ms - - bytes
[2026-08-07 23:12:38] INFO: POST /api/auth/register 201 193.702 ms - - bytes
[2026-08-07 23:12:38] INFO: POST /api/auth/login 200 187.020 ms - - bytes
[2026-08-07 23:12:39] INFO: POST /api/auth/login 200 189.224 ms - - bytes
[2026-08-07 23:12:39] INFO: POST /api/categories 201 5.385 ms - - bytes
[2026-08-07 23:12:39] INFO: POST /api/services 201 12.214 ms - - bytes
[2026-08-07 23:12:39] INFO: POST /api/reviews 201 35.561 ms - - bytes
[2026-08-07 23:12:39] INFO: DELETE /api/reviews/6a76190fdc9e81459664de0e 401 1.390 ms - - bytes
[2026-08-07 23:12:39] INFO: POST /api/auth/register 201 189.311 ms - - bytes
[2026-08-07 23:12:39] INFO: POST /api/auth/register 201 190.181 ms - - bytes
[2026-08-07 23:12:39] INFO: POST /api/auth/login 200 189.111 ms - - bytes
[2026-08-07 23:12:40] INFO: POST /api/auth/login 200 188.132 ms - - bytes
[2026-08-07 23:12:40] INFO: POST /api/categories 201 4.985 ms - - bytes
[2026-08-07 23:12:40] INFO: POST /api/services 201 9.472 ms - - bytes
[2026-08-07 23:12:40] INFO: POST /api/reviews 201 18.504 ms - - bytes
[2026-08-07 23:12:40] INFO: POST /api/auth/register 201 190.184 ms - - bytes
[2026-08-07 23:12:40] INFO: POST /api/auth/login 200 188.459 ms - - bytes
[2026-08-07 23:12:40] INFO: DELETE /api/reviews/6a761910dc9e81459664de13 403 5.825 ms - - bytes
[2026-08-07 23:12:40] INFO: POST /api/auth/register 201 188.708 ms - - bytes
[2026-08-07 23:12:40] INFO: POST /api/auth/register 201 191.440 ms - - bytes
[2026-08-07 23:12:41] INFO: POST /api/auth/login 200 190.510 ms - - bytes
[2026-08-07 23:12:41] INFO: POST /api/auth/login 200 188.428 ms - - bytes
[2026-08-07 23:12:41] INFO: POST /api/categories 201 7.204 ms - - bytes
[2026-08-07 23:12:41] INFO: POST /api/services 201 13.878 ms - - bytes
[2026-08-07 23:12:41] INFO: DELETE /api/reviews/6a761911dc9e81459664de19 404 5.016 ms - - bytes
[2026-08-07 23:12:41] INFO: POST /api/auth/register 201 191.943 ms - - bytes
[2026-08-07 23:12:41] INFO: POST /api/auth/register 201 191.678 ms - - bytes
[2026-08-07 23:12:42] INFO: POST /api/auth/login 200 189.944 ms - - bytes
[2026-08-07 23:12:42] INFO: POST /api/auth/login 200 192.096 ms - - bytes
[2026-08-07 23:12:42] INFO: POST /api/categories 201 5.214 ms - - bytes
[2026-08-07 23:12:42] INFO: POST /api/services 201 14.339 ms - - bytes
[2026-08-07 23:12:42] ERROR: CastError: Cast to ObjectId failed for value "invalid-id" (type string) at path "_id" for model "Review"
    at SchemaObjectId.cast (D:\Project Sphere\Project-Sphere\backend\node_modules\mongoose\lib\schema\objectId.js:252:11)
    at SchemaObjectId.SchemaType.applySetters (D:\Project Sphere\Project-Sphere\backend\node_modules\mongoose\lib\schemaType.js:1373:12)
    at SchemaObjectId.SchemaType.castForQuery (D:\Project Sphere\Project-Sphere\backend\node_modules\mongoose\lib\schemaType.js:1793:17)
    at cast (D:\Project Sphere\Project-Sphere\backend\node_modules\mongoose\lib\cast.js:386:32)
    at model.Query.Query.cast (D:\Project Sphere\Project-Sphere\backend\node_modules\mongoose\lib\query.js:5228:12)
    at model.Query.Query._castConditions (D:\Project Sphere\Project-Sphere\backend\node_modules\mongoose\lib\query.js:2411:10)
    at model.Query._findOne (D:\Project Sphere\Project-Sphere\backend\node_modules\mongoose\lib\query.js:2758:8)
    at maybeTracedQueryExec (D:\Project Sphere\Project-Sphere\backend\node_modules\mongoose\lib\query.js:4801:83)
    at processTicksAndRejections (node:internal/process/task_queues:95:5)
    at deleteReview (D:\Project Sphere\Project-Sphere\backend\controllers\reviewController.js:111:20)
[2026-08-07 23:12:42] INFO: DELETE /api/reviews/invalid-id 400 8.944 ms - - bytes
[2026-08-07 23:17:21] INFO: POST /api/auth/register 201 328.223 ms - - bytes
[2026-08-07 23:17:21] INFO: POST /api/auth/register 201 475.902 ms - - bytes
[2026-08-07 23:17:21] INFO: POST /api/auth/register 201 458.213 ms - - bytes
[2026-08-07 23:17:21] INFO: POST /api/auth/register 201 427.885 ms - - bytes
[2026-08-07 23:17:22] INFO: POST /api/auth/register 201 455.859 ms - - bytes
[2026-08-07 23:17:22] INFO: POST /api/auth/login 200 362.593 ms - - bytes
[2026-08-07 23:17:22] INFO: POST /api/auth/register 201 473.969 ms - - bytes
[2026-08-07 23:17:22] INFO: POST /api/auth/register 201 358.864 ms - - bytes
[2026-08-07 23:17:22] INFO: POST /api/auth/register 201 268.113 ms - - bytes
[2026-08-07 23:17:22] INFO: POST /api/auth/register 400 11.591 ms - - bytes
[2026-08-07 23:17:22] INFO: POST /api/auth/register 400 0.556 ms - - bytes
[2026-08-07 23:17:22] INFO: POST /api/auth/register 400 0.668 ms - - bytes
[2026-08-07 23:17:22] INFO: POST /api/auth/register 201 256.541 ms - - bytes
[2026-08-07 23:17:22] INFO: POST /api/auth/login 200 177.947 ms - - bytes
[2026-08-07 23:17:22] INFO: POST /api/categories 201 13.350 ms - - bytes
[2026-08-07 23:17:22] INFO: POST /api/auth/register 201 210.635 ms - - bytes
[2026-08-07 23:17:22] INFO: POST /api/auth/login 200 204.751 ms - - bytes
[2026-08-07 23:17:22] INFO: POST /api/services 201 28.658 ms - - bytes
[2026-08-07 23:17:22] INFO: POST /api/reviews 201 51.995 ms - - bytes
[2026-08-07 23:17:22] INFO: POST /api/auth/login 200 232.157 ms - - bytes
[2026-08-07 23:17:22] INFO: POST /api/auth/register 201 297.009 ms - - bytes
[2026-08-07 23:17:22] INFO: POST /api/auth/login 200 187.919 ms - - bytes
[2026-08-07 23:17:22] INFO: POST /api/auth/login 200 195.411 ms - - bytes
[2026-08-07 23:17:22] INFO: POST /api/categories 201 14.343 ms - - bytes
[2026-08-07 23:17:22] INFO: POST /api/auth/register 201 190.049 ms - - bytes
[2026-08-07 23:17:22] INFO: POST /api/auth/login 200 188.437 ms - - bytes
[2026-08-07 23:17:22] INFO: POST /api/categories 201 12.170 ms - - bytes
[2026-08-07 23:17:22] INFO: POST /api/auth/login 200 186.495 ms - - bytes
[2026-08-07 23:17:22] INFO: POST /api/auth/login 200 190.803 ms - - bytes
[2026-08-07 23:17:22] INFO: POST /api/services 201 35.148 ms - - bytes
[2026-08-07 23:17:22] INFO: POST /api/services 201 42.583 ms - - bytes
[2026-08-07 23:17:22] INFO: POST /api/favorites 201 27.987 ms - - bytes
[2026-08-07 23:17:22] INFO: POST /api/auth/register 201 207.429 ms - - bytes
[2026-08-07 23:17:22] INFO: POST /api/auth/register 201 195.209 ms - - bytes
[2026-08-07 23:17:23] INFO: POST /api/auth/register 201 196.946 ms - - bytes
[2026-08-07 23:17:23] INFO: POST /api/auth/register 201 188.729 ms - - bytes
[2026-08-07 23:17:23] INFO: POST /api/auth/login 200 187.777 ms - - bytes
[2026-08-07 23:17:23] INFO: POST /api/auth/register 201 218.334 ms - - bytes
[2026-08-07 23:17:23] INFO: POST /api/auth/register 201 228.287 ms - - bytes
[2026-08-07 23:17:23] INFO: POST /api/auth/login 400 201.107 ms - - bytes
[2026-08-07 23:17:23] INFO: POST /api/auth/login 200 185.502 ms - - bytes
[2026-08-07 23:17:23] INFO: POST /api/auth/login 400 3.843 ms - - bytes
[2026-08-07 23:17:23] INFO: POST /api/auth/login 200 173.095 ms - - bytes
[2026-08-07 23:17:23] INFO: POST /api/auth/login 400 0.743 ms - - bytes
[2026-08-07 23:17:23] INFO: POST /api/categories 201 8.517 ms - - bytes
[2026-08-07 23:17:23] INFO: POST /api/auth/login 400 0.662 ms - - bytes
[2026-08-07 23:17:23] INFO: POST /api/auth/register 201 189.266 ms - - bytes
[2026-08-07 23:17:23] INFO: POST /api/auth/register 201 188.556 ms - - bytes
[2026-08-07 23:17:23] INFO: POST /api/services 201 21.476 ms - - bytes
[2026-08-07 23:17:23] INFO: POST /api/reviews 401 1.212 ms - - bytes
[2026-08-07 23:17:23] INFO: POST /api/auth/login 200 183.527 ms - - bytes
[2026-08-07 23:17:23] INFO: POST /api/categories 403 4.399 ms - - bytes
[2026-08-07 23:17:23] INFO: POST /api/auth/login 200 178.113 ms - - bytes
[2026-08-07 23:17:23] INFO: POST /api/auth/register 201 179.823 ms - - bytes
[2026-08-07 23:17:23] INFO: POST /api/auth/login 200 186.988 ms - - bytes
[2026-08-07 23:17:23] INFO: POST /api/auth/register 201 185.658 ms - - bytes
[2026-08-07 23:17:23] INFO: POST /api/auth/register 201 200.231 ms - - bytes
[2026-08-07 23:17:23] INFO: POST /api/auth/login 200 183.287 ms - - bytes
[2026-08-07 23:17:23] INFO: POST /api/auth/login 200 179.879 ms - - bytes
[2026-08-07 23:17:23] INFO: POST /api/auth/login 200 179.560 ms - - bytes
[2026-08-07 23:17:23] INFO: GET /api/auth/profile 200 7.811 ms - - bytes
[2026-08-07 23:17:23] INFO: POST /api/services 403 3.969 ms - - bytes
[2026-08-07 23:17:23] INFO: POST /api/categories 201 27.440 ms - - bytes
[2026-08-07 23:17:23] INFO: POST /api/auth/register 201 184.389 ms - - bytes
[2026-08-07 23:17:23] INFO: GET /api/auth/profile 401 0.915 ms - - bytes
[2026-08-07 23:17:23] INFO: GET /api/auth/profile 401 2.485 ms - - bytes
[2026-08-07 23:17:23] INFO: POST /api/services 201 37.088 ms - - bytes
[2026-08-07 23:17:23] INFO: POST /api/favorites 401 0.836 ms - - bytes
[2026-08-07 23:17:23] INFO: POST /api/auth/register 201 182.580 ms - - bytes
[2026-08-07 23:17:24] INFO: POST /api/auth/login 200 173.061 ms - - bytes
[2026-08-07 23:17:24] INFO: POST /api/auth/register 201 194.591 ms - - bytes
[2026-08-07 23:17:24] INFO: POST /api/auth/register 201 192.933 ms - - bytes
[2026-08-07 23:17:24] INFO: POST /api/auth/register 201 198.220 ms - - bytes
[2026-08-07 23:17:24] INFO: POST /api/auth/login 200 179.496 ms - - bytes
[2026-08-07 23:17:24] INFO: POST /api/auth/login 200 183.105 ms - - bytes
[2026-08-07 23:17:24] INFO: POST /api/categories 201 7.482 ms - - bytes
[2026-08-07 23:17:24] INFO: POST /api/auth/register 201 186.650 ms - - bytes
[2026-08-07 23:17:24] INFO: POST /api/services 201 14.461 ms - - bytes
[2026-08-07 23:17:24] INFO: POST /api/reviews 404 7.395 ms - - bytes
[2026-08-07 23:17:24] INFO: POST /api/auth/login 200 189.861 ms - - bytes
[2026-08-07 23:17:24] INFO: GET /api/auth/admin 403 4.929 ms - - bytes
[2026-08-07 23:17:24] INFO: POST /api/auth/register 201 180.126 ms - - bytes
[2026-08-07 23:17:24] INFO: POST /api/auth/login 200 186.967 ms - - bytes
[2026-08-07 23:17:24] INFO: POST /api/categories 401 0.663 ms - - bytes
[2026-08-07 23:17:24] INFO: POST /api/auth/login 200 191.907 ms - - bytes
[2026-08-07 23:17:24] INFO: POST /api/auth/register 201 178.665 ms - - bytes
[2026-08-07 23:17:24] INFO: POST /api/auth/login 200 179.624 ms - - bytes
[2026-08-07 23:17:24] INFO: POST /api/auth/register 201 208.138 ms - - bytes
[2026-08-07 23:17:24] INFO: POST /api/auth/login 200 183.718 ms - - bytes
[2026-08-07 23:17:24] INFO: POST /api/services 401 0.433 ms - - bytes
[2026-08-07 23:17:24] INFO: POST /api/auth/register 201 189.474 ms - - bytes
[2026-08-07 23:17:24] INFO: POST /api/auth/login 200 181.383 ms - - bytes
[2026-08-07 23:17:24] INFO: POST /api/categories 201 26.966 ms - - bytes
[2026-08-07 23:17:24] INFO: POST /api/services 201 33.355 ms - - bytes
[2026-08-07 23:17:24] INFO: POST /api/auth/register 201 189.932 ms - - bytes
[2026-08-07 23:17:24] INFO: POST /api/favorites 404 5.987 ms - - bytes
[2026-08-07 23:17:24] INFO: POST /api/auth/login 200 180.993 ms - - bytes
[2026-08-07 23:17:24] INFO: POST /api/auth/register 201 201.869 ms - - bytes
[2026-08-07 23:17:25] INFO: POST /api/auth/login 200 182.064 ms - - bytes
[2026-08-07 23:17:25] INFO: POST /api/auth/register 201 198.042 ms - - bytes
[2026-08-07 23:17:25] INFO: POST /api/auth/login 200 178.666 ms - - bytes
[2026-08-07 23:17:25] INFO: POST /api/categories 201 9.108 ms - - bytes
[2026-08-07 23:17:25] INFO: POST /api/auth/register 201 180.182 ms - - bytes
[2026-08-07 23:17:25] INFO: POST /api/services 201 14.484 ms - - bytes
[2026-08-07 23:17:25] ERROR: CastError: Cast to ObjectId failed for value "invalid-id" (type string) at path "_id" for model "Service"
    at SchemaObjectId.cast (D:\Project Sphere\Project-Sphere\backend\node_modules\mongoose\lib\schema\objectId.js:252:11)
    at SchemaObjectId.SchemaType.applySetters (D:\Project Sphere\Project-Sphere\backend\node_modules\mongoose\lib\schemaType.js:1373:12)
    at SchemaObjectId.SchemaType.castForQuery (D:\Project Sphere\Project-Sphere\backend\node_modules\mongoose\lib\schemaType.js:1793:17)
    at cast (D:\Project Sphere\Project-Sphere\backend\node_modules\mongoose\lib\cast.js:386:32)
    at model.Query.Query.cast (D:\Project Sphere\Project-Sphere\backend\node_modules\mongoose\lib\query.js:5228:12)
    at model.Query.Query._castConditions (D:\Project Sphere\Project-Sphere\backend\node_modules\mongoose\lib\query.js:2411:10)
    at model.Query._findOne (D:\Project Sphere\Project-Sphere\backend\node_modules\mongoose\lib\query.js:2758:8)
    at maybeTracedQueryExec (D:\Project Sphere\Project-Sphere\backend\node_modules\mongoose\lib\query.js:4801:83)
    at processTicksAndRejections (node:internal/process/task_queues:95:5)
    at createReview (D:\Project Sphere\Project-Sphere\backend\controllers\reviewController.js:7:29)
[2026-08-07 23:17:25] INFO: POST /api/reviews 400 19.595 ms - - bytes
[2026-08-07 23:17:25] INFO: POST /api/auth/login 200 181.961 ms - - bytes
[2026-08-07 23:17:25] INFO: POST /api/categories 201 26.712 ms - - bytes
[2026-08-07 23:17:25] INFO: POST /api/auth/register 201 177.988 ms - - bytes
[2026-08-07 23:17:25] INFO: GET /api/categories 200 7.128 ms - - bytes
[2026-08-07 23:17:25] INFO: POST /api/auth/login 200 177.076 ms - - bytes
[2026-08-07 23:17:25] INFO: POST /api/auth/register 201 174.344 ms - - bytes
[2026-08-07 23:17:25] INFO: POST /api/auth/login 200 177.883 ms - - bytes
[2026-08-07 23:17:25] INFO: POST /api/auth/register 201 200.706 ms - - bytes
[2026-08-07 23:17:25] INFO: POST /api/auth/login 200 188.840 ms - - bytes
[2026-08-07 23:17:25] INFO: POST /api/services 404 8.181 ms - - bytes
[2026-08-07 23:17:25] INFO: POST /api/auth/register 201 183.048 ms - - bytes
[2026-08-07 23:17:25] INFO: POST /api/auth/login 200 179.839 ms - - bytes
[2026-08-07 23:17:25] INFO: POST /api/categories 201 25.750 ms - - bytes
[2026-08-07 23:17:25] INFO: POST /api/auth/register 201 179.153 ms - - bytes
[2026-08-07 23:17:25] INFO: POST /api/services 201 28.255 ms - - bytes
[2026-08-07 23:17:25] ERROR: CastError: Cast to ObjectId failed for value "invalid-id" (type string) at path "_id" for model "Service"
    at SchemaObjectId.cast (D:\Project Sphere\Project-Sphere\backend\node_modules\mongoose\lib\schema\objectId.js:252:11)
    at SchemaObjectId.SchemaType.applySetters (D:\Project Sphere\Project-Sphere\backend\node_modules\mongoose\lib\schemaType.js:1373:12)
    at SchemaObjectId.SchemaType.castForQuery (D:\Project Sphere\Project-Sphere\backend\node_modules\mongoose\lib\schemaType.js:1793:17)
    at cast (D:\Project Sphere\Project-Sphere\backend\node_modules\mongoose\lib\cast.js:386:32)
    at model.Query.Query.cast (D:\Project Sphere\Project-Sphere\backend\node_modules\mongoose\lib\query.js:5228:12)
    at model.Query.Query._castConditions (D:\Project Sphere\Project-Sphere\backend\node_modules\mongoose\lib\query.js:2411:10)
    at model.Query._findOne (D:\Project Sphere\Project-Sphere\backend\node_modules\mongoose\lib\query.js:2758:8)
    at maybeTracedQueryExec (D:\Project Sphere\Project-Sphere\backend\node_modules\mongoose\lib\query.js:4801:83)
    at processTicksAndRejections (node:internal/process/task_queues:95:5)
    at addFavorite (D:\Project Sphere\Project-Sphere\backend\controllers\favoriteController.js:10:29)
[2026-08-07 23:17:25] INFO: POST /api/favorites 400 49.734 ms - - bytes
[2026-08-07 23:17:25] INFO: POST /api/auth/login 200 179.518 ms - - bytes
[2026-08-07 23:17:25] INFO: POST /api/auth/register 201 204.952 ms - - bytes
[2026-08-07 23:17:25] INFO: POST /api/auth/login 200 175.827 ms - - bytes
[2026-08-07 23:17:25] INFO: POST /api/auth/login 200 175.974 ms - - bytes
[2026-08-07 23:17:25] INFO: POST /api/categories 201 9.230 ms - - bytes
[2026-08-07 23:17:26] INFO: POST /api/services 201 15.720 ms - - bytes
[2026-08-07 23:17:26] INFO: POST /api/auth/register 201 210.339 ms - - bytes
[2026-08-07 23:17:26] INFO: POST /api/auth/register 201 195.175 ms - - bytes
[2026-08-07 23:17:26] INFO: POST /api/reviews 201 27.277 ms - - bytes
[2026-08-07 23:17:26] INFO: POST /api/reviews 400 9.085 ms - - bytes
[2026-08-07 23:17:26] INFO: POST /api/auth/login 200 179.171 ms - - bytes
[2026-08-07 23:17:26] INFO: POST /api/categories 201 30.897 ms - - bytes
[2026-08-07 23:17:26] INFO: GET /api/categories/6a761a2ea1b4f8c699ba2cda 200 5.701 ms - - bytes
[2026-08-07 23:17:26] INFO: POST /api/auth/register 201 183.786 ms - - bytes
[2026-08-07 23:17:26] INFO: POST /api/auth/login 200 176.212 ms - - bytes
[2026-08-07 23:17:26] INFO: POST /api/auth/register 201 178.826 ms - - bytes
[2026-08-07 23:17:26] INFO: POST /api/auth/register 201 218.897 ms - - bytes
[2026-08-07 23:17:26] INFO: POST /api/auth/login 200 180.226 ms - - bytes
[2026-08-07 23:17:26] INFO: POST /api/auth/login 200 191.492 ms - - bytes
[2026-08-07 23:17:26] INFO: POST /api/auth/register 201 184.224 ms - - bytes
[2026-08-07 23:17:26] INFO: POST /api/services 201 33.999 ms - - bytes
[2026-08-07 23:17:26] INFO: POST /api/auth/register 201 183.067 ms - - bytes
[2026-08-07 23:17:26] INFO: POST /api/auth/login 200 185.259 ms - - bytes
[2026-08-07 23:17:26] INFO: GET /api/services 200 101.049 ms - - bytes
[2026-08-07 23:17:26] INFO: POST /api/categories 201 28.622 ms - - bytes
[2026-08-07 23:17:26] INFO: POST /api/services 201 35.081 ms - - bytes
[2026-08-07 23:17:26] INFO: POST /api/auth/login 200 185.115 ms - - bytes
[2026-08-07 23:17:26] INFO: POST /api/favorites 201 36.744 ms - - bytes
[2026-08-07 23:17:26] INFO: POST /api/favorites 400 10.912 ms - - bytes
[2026-08-07 23:17:26] INFO: POST /api/auth/login 200 191.252 ms - - bytes
[2026-08-07 23:17:26] INFO: POST /api/auth/register 201 213.964 ms - - bytes
[2026-08-07 23:17:26] INFO: POST /api/auth/login 200 187.391 ms - - bytes
[2026-08-07 23:17:26] INFO: POST /api/categories 201 7.719 ms - - bytes
[2026-08-07 23:17:26] INFO: POST /api/services 201 12.328 ms - - bytes
[2026-08-07 23:17:26] ERROR: ValidationError: Review validation failed: rating: Path `rating` (10) is more than maximum allowed value (5).
    at model.validate (D:\Project Sphere\Project-Sphere\backend\node_modules\mongoose\lib\document.js:2864:36)
    at processTicksAndRejections (node:internal/process/task_queues:95:5)
    at model.$__save (D:\Project Sphere\Project-Sphere\backend\node_modules\mongoose\lib\model.js:398:7)
    at maybeTracedSave (D:\Project Sphere\Project-Sphere\backend\node_modules\mongoose\lib\model.js:674:7)
    at Function.create (D:\Project Sphere\Project-Sphere\backend\node_modules\mongoose\lib\model.js:2762:5)
    at createReview (D:\Project Sphere\Project-Sphere\backend\controllers\reviewController.js:31:20)
[2026-08-07 23:17:26] INFO: POST /api/reviews 400 19.870 ms - - bytes
[2026-08-07 23:17:26] INFO: POST /api/auth/login 200 185.688 ms - - bytes
[2026-08-07 23:17:27] INFO: POST /api/auth/register 201 210.434 ms - - bytes
[2026-08-07 23:17:27] INFO: POST /api/categories 201 29.861 ms - - bytes
[2026-08-07 23:17:27] INFO: GET /api/categories/6a761a2fa1b4f8c699ba2cde 404 4.741 ms - - bytes
[2026-08-07 23:17:27] INFO: POST /api/auth/register 201 183.755 ms - - bytes
[2026-08-07 23:17:27] INFO: POST /api/auth/register 201 178.326 ms - - bytes
[2026-08-07 23:17:27] INFO: POST /api/auth/register 201 174.762 ms - - bytes
[2026-08-07 23:17:27] INFO: POST /api/auth/login 200 185.994 ms - - bytes
[2026-08-07 23:17:27] INFO: POST /api/auth/register 201 209.031 ms - - bytes
[2026-08-07 23:17:27] INFO: POST /api/auth/register 201 178.770 ms - - bytes
[2026-08-07 23:17:27] INFO: POST /api/auth/login 200 178.784 ms - - bytes
[2026-08-07 23:17:27] INFO: POST /api/auth/login 200 177.397 ms - - bytes
[2026-08-07 23:17:27] INFO: POST /api/auth/register 201 177.327 ms - - bytes
[2026-08-07 23:17:27] INFO: POST /api/services 201 30.178 ms - - bytes
[2026-08-07 23:17:27] INFO: GET /api/services/6a761a2f1512e2002a72148d 200 13.167 ms - - bytes
[2026-08-07 23:17:27] INFO: POST /api/auth/login 200 176.569 ms - - bytes
[2026-08-07 23:17:27] INFO: POST /api/auth/login 200 182.577 ms - - bytes
[2026-08-07 23:17:27] INFO: POST /api/categories 201 25.698 ms - - bytes
[2026-08-07 23:17:27] INFO: POST /api/auth/login 200 180.383 ms - - bytes
[2026-08-07 23:17:27] INFO: POST /api/services 201 28.835 ms - - bytes
[2026-08-07 23:17:27] INFO: POST /api/favorites 201 32.992 ms - - bytes
[2026-08-07 23:17:27] INFO: GET /api/favorites 200 26.543 ms - - bytes
[2026-08-07 23:17:27] INFO: POST /api/auth/login 200 179.986 ms - - bytes
[2026-08-07 23:17:27] INFO: POST /api/auth/register 201 199.189 ms - - bytes
[2026-08-07 23:17:27] INFO: POST /api/categories 201 8.214 ms - - bytes
[2026-08-07 23:17:27] INFO: POST /api/services 201 13.711 ms - - bytes
[2026-08-07 23:17:27] ERROR: ValidationError: Review validation failed: comment: Path `comment` is required.
    at model.validate (D:\Project Sphere\Project-Sphere\backend\node_modules\mongoose\lib\document.js:2864:36)
    at processTicksAndRejections (node:internal/process/task_queues:95:5)
    at model.$__save (D:\Project Sphere\Project-Sphere\backend\node_modules\mongoose\lib\model.js:398:7)
    at maybeTracedSave (D:\Project Sphere\Project-Sphere\backend\node_modules\mongoose\lib\model.js:674:7)
    at Function.create (D:\Project Sphere\Project-Sphere\backend\node_modules\mongoose\lib\model.js:2762:5)
    at createReview (D:\Project Sphere\Project-Sphere\backend\controllers\reviewController.js:31:20)
[2026-08-07 23:17:27] INFO: POST /api/reviews 400 14.435 ms - - bytes
[2026-08-07 23:17:27] INFO: POST /api/auth/login 200 188.274 ms - - bytes
[2026-08-07 23:17:27] INFO: POST /api/categories 201 24.544 ms - - bytes
[2026-08-07 23:17:27] ERROR: CastError: Cast to ObjectId failed for value "invalid-id" (type string) at path "_id" for model "Category"
    at SchemaObjectId.cast (D:\Project Sphere\Project-Sphere\backend\node_modules\mongoose\lib\schema\objectId.js:252:11)
    at SchemaObjectId.SchemaType.applySetters (D:\Project Sphere\Project-Sphere\backend\node_modules\mongoose\lib\schemaType.js:1373:12)
    at SchemaObjectId.SchemaType.castForQuery (D:\Project Sphere\Project-Sphere\backend\node_modules\mongoose\lib\schemaType.js:1793:17)
    at cast (D:\Project Sphere\Project-Sphere\backend\node_modules\mongoose\lib\cast.js:386:32)
    at model.Query.Query.cast (D:\Project Sphere\Project-Sphere\backend\node_modules\mongoose\lib\query.js:5228:12)
    at model.Query.Query._castConditions (D:\Project Sphere\Project-Sphere\backend\node_modules\mongoose\lib\query.js:2411:10)
    at model.Query._findOne (D:\Project Sphere\Project-Sphere\backend\node_modules\mongoose\lib\query.js:2758:8)
    at maybeTracedQueryExec (D:\Project Sphere\Project-Sphere\backend\node_modules\mongoose\lib\query.js:4801:83)
    at processTicksAndRejections (node:internal/process/task_queues:95:5)
    at getCategoryById (D:\Project Sphere\Project-Sphere\backend\controllers\categoryController.js:48:7)
[2026-08-07 23:17:27] INFO: POST /api/auth/register 201 178.434 ms - - bytes
[2026-08-07 23:17:27] INFO: GET /api/categories/invalid-id 400 48.413 ms - - bytes
[2026-08-07 23:17:27] INFO: POST /api/auth/register 201 205.596 ms - - bytes
[2026-08-07 23:17:28] INFO: POST /api/auth/register 201 178.404 ms - - bytes
[2026-08-07 23:17:28] INFO: POST /api/auth/login 200 178.174 ms - - bytes
[2026-08-07 23:17:28] INFO: POST /api/auth/register 201 178.282 ms - - bytes
[2026-08-07 23:17:28] INFO: POST /api/auth/register 201 206.680 ms - - bytes
[2026-08-07 23:17:28] INFO: POST /api/auth/register 201 181.346 ms - - bytes
[2026-08-07 23:17:28] INFO: POST /api/auth/login 200 179.374 ms - - bytes
[2026-08-07 23:17:28] INFO: POST /api/auth/login 200 178.295 ms - - bytes
[2026-08-07 23:17:28] INFO: POST /api/auth/register 201 182.430 ms - - bytes
[2026-08-07 23:17:28] INFO: POST /api/auth/login 200 181.365 ms - - bytes
[2026-08-07 23:17:28] INFO: POST /api/services 201 27.158 ms - - bytes
[2026-08-07 23:17:28] INFO: GET /api/services/6a761a301512e2002a721492 404 3.527 ms - - bytes
[2026-08-07 23:17:28] INFO: POST /api/auth/login 200 178.067 ms - - bytes
[2026-08-07 23:17:28] INFO: POST /api/auth/login 200 179.337 ms - - bytes
[2026-08-07 23:17:28] INFO: POST /api/categories 201 28.629 ms - - bytes
[2026-08-07 23:17:28] INFO: POST /api/auth/login 200 180.342 ms - - bytes
[2026-08-07 23:17:28] INFO: POST /api/services 201 30.778 ms - - bytes
[2026-08-07 23:17:28] INFO: POST /api/categories 201 6.754 ms - - bytes
[2026-08-07 23:17:28] INFO: POST /api/services 201 9.131 ms - - bytes
[2026-08-07 23:17:28] INFO: POST /api/favorites 201 30.153 ms - - bytes
[2026-08-07 23:17:28] INFO: POST /api/reviews 201 20.361 ms - - bytes
[2026-08-07 23:17:28] INFO: GET /api/reviews/service/6a761a3070aebb270031a575 200 25.364 ms - - bytes
[2026-08-07 23:17:28] INFO: POST /api/auth/register 201 195.256 ms - - bytes
[2026-08-07 23:17:28] INFO: POST /api/auth/login 200 183.284 ms - - bytes
[2026-08-07 23:17:28] INFO: POST /api/categories 201 27.107 ms - - bytes
[2026-08-07 23:17:28] INFO: PUT /api/categories/6a761a30a1b4f8c699ba2ce4 200 18.882 ms - - bytes
[2026-08-07 23:17:28] INFO: POST /api/auth/register 201 174.665 ms - - bytes
[2026-08-07 23:17:28] INFO: POST /api/auth/register 201 181.553 ms - - bytes
[2026-08-07 23:17:28] INFO: POST /api/auth/register 201 177.257 ms - - bytes
[2026-08-07 23:17:29] INFO: POST /api/auth/login 200 189.326 ms - - bytes
[2026-08-07 23:17:29] INFO: GET /api/favorites 200 6.924 ms - - bytes
[2026-08-07 23:17:29] INFO: POST /api/auth/register 201 202.014 ms - - bytes
[2026-08-07 23:17:29] INFO: POST /api/auth/register 201 188.767 ms - - bytes
[2026-08-07 23:17:29] INFO: POST /api/auth/login 200 178.962 ms - - bytes
[2026-08-07 23:17:29] INFO: POST /api/auth/register 201 180.041 ms - - bytes
[2026-08-07 23:17:29] INFO: POST /api/auth/register 201 202.717 ms - - bytes
[2026-08-07 23:17:29] INFO: POST /api/auth/login 200 186.577 ms - - bytes
[2026-08-07 23:17:29] INFO: POST /api/auth/login 200 183.872 ms - - bytes
[2026-08-07 23:17:29] INFO: POST /api/services 201 33.095 ms - - bytes
[2026-08-07 23:17:29] ERROR: CastError: Cast to ObjectId failed for value "invalid-id" (type string) at path "_id" for model "Service"
    at SchemaObjectId.cast (D:\Project Sphere\Project-Sphere\backend\node_modules\mongoose\lib\schema\objectId.js:252:11)
    at SchemaObjectId.SchemaType.applySetters (D:\Project Sphere\Project-Sphere\backend\node_modules\mongoose\lib\schemaType.js:1373:12)
    at SchemaObjectId.SchemaType.castForQuery (D:\Project Sphere\Project-Sphere\backend\node_modules\mongoose\lib\schemaType.js:1793:17)
    at cast (D:\Project Sphere\Project-Sphere\backend\node_modules\mongoose\lib\cast.js:386:32)
    at model.Query.Query.cast (D:\Project Sphere\Project-Sphere\backend\node_modules\mongoose\lib\query.js:5228:12)
    at model.Query.Query._castConditions (D:\Project Sphere\Project-Sphere\backend\node_modules\mongoose\lib\query.js:2411:10)
    at model.Query._findOne (D:\Project Sphere\Project-Sphere\backend\node_modules\mongoose\lib\query.js:2758:8)
    at maybeTracedQueryExec (D:\Project Sphere\Project-Sphere\backend\node_modules\mongoose\lib\query.js:4801:83)
    at processTicksAndRejections (node:internal/process/task_queues:95:5)
    at getServiceById (D:\Project Sphere\Project-Sphere\backend\controllers\serviceController.js:116:21)
[2026-08-07 23:17:29] INFO: POST /api/auth/login 200 185.428 ms - - bytes
[2026-08-07 23:17:29] INFO: GET /api/services/invalid-id 400 43.052 ms - - bytes
[2026-08-07 23:17:29] INFO: POST /api/auth/register 201 176.820 ms - - bytes
[2026-08-07 23:17:29] INFO: POST /api/auth/login 200 175.871 ms - - bytes
[2026-08-07 23:17:29] INFO: POST /api/categories 201 7.266 ms - - bytes
[2026-08-07 23:17:29] INFO: POST /api/services 201 11.779 ms - - bytes
[2026-08-07 23:17:29] INFO: GET /api/reviews/service/6a761a3170aebb270031a57a 200 5.189 ms - - bytes
[2026-08-07 23:17:29] INFO: POST /api/auth/login 200 170.373 ms - - bytes
[2026-08-07 23:17:29] INFO: POST /api/categories 201 26.016 ms - - bytes
[2026-08-07 23:17:29] INFO: POST /api/auth/login 200 177.794 ms - - bytes
[2026-08-07 23:17:29] INFO: POST /api/auth/register 201 196.074 ms - - bytes
[2026-08-07 23:17:29] INFO: PUT /api/categories/6a761a31a1b4f8c699ba2ce7 403 3.573 ms - - bytes
[2026-08-07 23:17:29] INFO: POST /api/auth/register 201 182.216 ms - - bytes
[2026-08-07 23:17:29] INFO: POST /api/auth/login 200 181.870 ms - - bytes
[2026-08-07 23:17:29] INFO: POST /api/auth/register 201 177.615 ms - - bytes
[2026-08-07 23:17:29] INFO: POST /api/categories 201 28.626 ms - - bytes
[2026-08-07 23:17:29] INFO: POST /api/auth/register 201 210.326 ms - - bytes
[2026-08-07 23:17:29] INFO: POST /api/services 201 31.473 ms - - bytes
[2026-08-07 23:17:29] INFO: POST /api/auth/register 201 173.621 ms - - bytes
[2026-08-07 23:17:29] INFO: POST /api/favorites 201 31.822 ms - - bytes
[2026-08-07 23:17:30] INFO: GET /api/favorites 401 0.486 ms - - bytes
[2026-08-07 23:17:30] INFO: POST /api/auth/login 200 182.318 ms - - bytes
[2026-08-07 23:17:30] INFO: POST /api/auth/register 201 179.858 ms - - bytes
[2026-08-07 23:17:30] INFO: POST /api/auth/login 200 181.758 ms - - bytes
[2026-08-07 23:17:30] INFO: POST /api/auth/register 201 199.296 ms - - bytes
[2026-08-07 23:17:30] INFO: POST /api/auth/login 200 185.494 ms - - bytes
[2026-08-07 23:17:30] INFO: POST /api/auth/login 200 185.541 ms - - bytes
[2026-08-07 23:17:30] INFO: POST /api/services 201 34.495 ms - - bytes
[2026-08-07 23:17:30] INFO: POST /api/auth/login 200 181.516 ms - - bytes
[2026-08-07 23:17:30] INFO: PUT /api/services/6a761a321512e2002a72149a 200 18.919 ms - - bytes
[2026-08-07 23:17:30] INFO: POST /api/categories 201 6.552 ms - - bytes
[2026-08-07 23:17:30] INFO: POST /api/services 201 12.647 ms - - bytes
[2026-08-07 23:17:30] ERROR: CastError: Cast to ObjectId failed for value "invalid-id" (type string) at path "service" for model "Review"
    at SchemaObjectId.cast (D:\Project Sphere\Project-Sphere\backend\node_modules\mongoose\lib\schema\objectId.js:252:11)
    at SchemaObjectId.SchemaType.applySetters (D:\Project Sphere\Project-Sphere\backend\node_modules\mongoose\lib\schemaType.js:1373:12)
    at SchemaObjectId.SchemaType.castForQuery (D:\Project Sphere\Project-Sphere\backend\node_modules\mongoose\lib\schemaType.js:1793:17)
    at cast (D:\Project Sphere\Project-Sphere\backend\node_modules\mongoose\lib\cast.js:386:32)
    at model.Query.Query.cast (D:\Project Sphere\Project-Sphere\backend\node_modules\mongoose\lib\query.js:5228:12)
    at model.Query.Query._castConditions (D:\Project Sphere\Project-Sphere\backend\node_modules\mongoose\lib\query.js:2411:10)
    at model.Query._find (D:\Project Sphere\Project-Sphere\backend\node_modules\mongoose\lib\query.js:2438:8)
    at maybeTracedQueryExec (D:\Project Sphere\Project-Sphere\backend\node_modules\mongoose\lib\query.js:4801:83)
    at processTicksAndRejections (node:internal/process/task_queues:95:5)
    at getServiceReviews (D:\Project Sphere\Project-Sphere\backend\controllers\reviewController.js:56:21)
[2026-08-07 23:17:30] INFO: GET /api/reviews/service/invalid-id 400 4.290 ms - - bytes
[2026-08-07 23:17:30] INFO: POST /api/auth/register 201 184.260 ms - - bytes
[2026-08-07 23:17:30] INFO: POST /api/auth/login 200 174.507 ms - - bytes
[2026-08-07 23:17:30] INFO: POST /api/categories 201 26.767 ms - - bytes
[2026-08-07 23:17:30] INFO: PUT /api/categories/6a761a32a1b4f8c699ba2cea 401 0.634 ms - - bytes
[2026-08-07 23:17:30] INFO: POST /api/auth/register 201 202.309 ms - - bytes
[2026-08-07 23:17:30] INFO: POST /api/auth/login 200 183.964 ms - - bytes
[2026-08-07 23:17:30] INFO: POST /api/auth/register 201 193.351 ms - - bytes
[2026-08-07 23:17:30] INFO: POST /api/auth/register 201 175.985 ms - - bytes
[2026-08-07 23:17:30] INFO: POST /api/auth/register 201 198.515 ms - - bytes
[2026-08-07 23:17:30] INFO: POST /api/auth/login 200 183.355 ms - - bytes
[2026-08-07 23:17:30] INFO: POST /api/auth/register 201 190.412 ms - - bytes
[2026-08-07 23:17:30] INFO: POST /api/categories 201 27.228 ms - - bytes
[2026-08-07 23:17:30] INFO: POST /api/services 201 35.956 ms - - bytes
[2026-08-07 23:17:30] INFO: POST /api/favorites 201 32.602 ms - - bytes
[2026-08-07 23:17:30] INFO: DELETE /api/favorites/6a761a322b5c295104f869eb 200 11.608 ms - - bytes
[2026-08-07 23:17:30] INFO: POST /api/auth/login 200 193.127 ms - - bytes
[2026-08-07 23:17:30] INFO: POST /api/auth/register 201 184.269 ms - - bytes
[2026-08-07 23:17:31] INFO: POST /api/auth/login 200 185.336 ms - - bytes
[2026-08-07 23:17:31] INFO: POST /api/auth/login 200 185.218 ms - - bytes
[2026-08-07 23:17:31] INFO: POST /api/auth/login 200 200.076 ms - - bytes
[2026-08-07 23:17:31] INFO: POST /api/auth/register 201 212.127 ms - - bytes
[2026-08-07 23:17:31] INFO: POST /api/services 201 33.338 ms - - bytes
[2026-08-07 23:17:31] INFO: POST /api/auth/login 200 191.628 ms - - bytes
[2026-08-07 23:17:31] INFO: PUT /api/services/6a761a331512e2002a72149e 403 2.235 ms - - bytes
[2026-08-07 23:17:31] INFO: POST /api/categories 201 7.011 ms - - bytes
[2026-08-07 23:17:31] INFO: POST /api/services 201 12.714 ms - - bytes
[2026-08-07 23:17:31] INFO: GET /api/reviews/service/6a761a3370aebb270031a583 200 4.141 ms - - bytes
[2026-08-07 23:17:31] INFO: POST /api/auth/login 200 191.581 ms - - bytes
[2026-08-07 23:17:31] INFO: POST /api/auth/register 201 179.427 ms - - bytes
[2026-08-07 23:17:31] INFO: POST /api/categories 201 35.001 ms - - bytes
[2026-08-07 23:17:31] INFO: PUT /api/categories/6a761a33a1b4f8c699ba2cee 404 6.226 ms - - bytes
[2026-08-07 23:17:31] INFO: POST /api/auth/register 201 209.720 ms - - bytes
[2026-08-07 23:17:31] INFO: POST /api/auth/register 201 193.287 ms - - bytes
[2026-08-07 23:17:31] INFO: POST /api/auth/login 200 180.413 ms - - bytes
[2026-08-07 23:17:31] INFO: POST /api/auth/register 201 219.379 ms - - bytes
[2026-08-07 23:17:31] INFO: POST /api/auth/register 201 203.544 ms - - bytes
[2026-08-07 23:17:31] INFO: POST /api/auth/register 201 189.842 ms - - bytes
[2026-08-07 23:17:31] INFO: POST /api/auth/login 200 198.065 ms - - bytes
[2026-08-07 23:17:31] INFO: POST /api/categories 201 29.321 ms - - bytes
[2026-08-07 23:17:31] INFO: POST /api/services 201 31.395 ms - - bytes
[2026-08-07 23:17:31] INFO: POST /api/auth/register 201 192.842 ms - - bytes
[2026-08-07 23:17:31] INFO: POST /api/auth/login 200 197.145 ms - - bytes
[2026-08-07 23:17:31] INFO: POST /api/favorites 201 34.529 ms - - bytes
[2026-08-07 23:17:31] INFO: POST /api/auth/login 200 187.412 ms - - bytes
[2026-08-07 23:17:31] INFO: DELETE /api/favorites/6a761a332b5c295104f869f0 200 8.887 ms - - bytes
[2026-08-07 23:17:31] INFO: DELETE /api/favorites/6a761a332b5c295104f869f0 404 6.883 ms - - bytes
[2026-08-07 23:17:32] INFO: POST /api/auth/login 200 198.815 ms - - bytes
[2026-08-07 23:17:32] INFO: POST /api/auth/login 200 199.981 ms - - bytes
[2026-08-07 23:17:32] INFO: POST /api/auth/login 200 192.679 ms - - bytes
[2026-08-07 23:17:32] INFO: POST /api/categories 201 8.871 ms - - bytes
[2026-08-07 23:17:32] INFO: POST /api/services 201 16.404 ms - - bytes
[2026-08-07 23:17:32] INFO: POST /api/services 201 39.956 ms - - bytes
[2026-08-07 23:17:32] INFO: POST /api/auth/register 201 220.957 ms - - bytes
[2026-08-07 23:17:32] INFO: PUT /api/services/6a761a341512e2002a7214a2 401 0.899 ms - - bytes
[2026-08-07 23:17:32] INFO: POST /api/reviews 201 26.521 ms - - bytes
[2026-08-07 23:17:32] INFO: PUT /api/reviews/6a761a3470aebb270031a588 200 25.826 ms - - bytes
[2026-08-07 23:17:32] INFO: POST /api/auth/login 200 208.141 ms - - bytes
[2026-08-07 23:17:32] INFO: POST /api/categories 201 31.218 ms - - bytes
[2026-08-07 23:17:32] ERROR: CastError: Cast to ObjectId failed for value "invalid-id" (type string) at path "_id" for model "Category"
    at SchemaObjectId.cast (D:\Project Sphere\Project-Sphere\backend\node_modules\mongoose\lib\schema\objectId.js:252:11)
    at SchemaObjectId.SchemaType.applySetters (D:\Project Sphere\Project-Sphere\backend\node_modules\mongoose\lib\schemaType.js:1373:12)
    at SchemaObjectId.SchemaType.castForQuery (D:\Project Sphere\Project-Sphere\backend\node_modules\mongoose\lib\schemaType.js:1793:17)
    at cast (D:\Project Sphere\Project-Sphere\backend\node_modules\mongoose\lib\cast.js:386:32)
    at model.Query.Query.cast (D:\Project Sphere\Project-Sphere\backend\node_modules\mongoose\lib\query.js:5228:12)
    at model.Query.Query._castConditions (D:\Project Sphere\Project-Sphere\backend\node_modules\mongoose\lib\query.js:2411:10)
    at model.Query._findOneAndUpdate (D:\Project Sphere\Project-Sphere\backend\node_modules\mongoose\lib\query.js:3557:8)
    at maybeTracedQueryExec (D:\Project Sphere\Project-Sphere\backend\node_modules\mongoose\lib\query.js:4801:83)
    at processTicksAndRejections (node:internal/process/task_queues:95:5)
    at updateCategory (D:\Project Sphere\Project-Sphere\backend\controllers\categoryController.js:76:7)
[2026-08-07 23:17:32] INFO: PUT /api/categories/invalid-id 400 6.734 ms - - bytes
[2026-08-07 23:17:32] INFO: POST /api/auth/register 201 180.093 ms - - bytes
[2026-08-07 23:17:32] INFO: POST /api/auth/register 201 213.059 ms - - bytes
[2026-08-07 23:17:32] INFO: POST /api/auth/register 201 192.043 ms - - bytes
[2026-08-07 23:17:32] INFO: POST /api/auth/login 200 186.998 ms - - bytes
[2026-08-07 23:17:32] INFO: POST /api/auth/register 201 196.435 ms - - bytes
[2026-08-07 23:17:32] INFO: POST /api/auth/register 201 195.056 ms - - bytes
[2026-08-07 23:17:32] INFO: POST /api/auth/register 201 186.185 ms - - bytes
[2026-08-07 23:17:32] INFO: POST /api/auth/login 200 181.071 ms - - bytes
[2026-08-07 23:17:32] INFO: POST /api/auth/register 201 181.232 ms - - bytes
[2026-08-07 23:17:32] INFO: POST /api/categories 201 28.366 ms - - bytes
[2026-08-07 23:17:32] INFO: POST /api/services 201 30.356 ms - - bytes
[2026-08-07 23:17:32] INFO: POST /api/auth/login 200 201.034 ms - - bytes
[2026-08-07 23:17:32] INFO: POST /api/auth/login 200 181.194 ms - - bytes
[2026-08-07 23:17:32] INFO: POST /api/favorites 201 33.952 ms - - bytes
[2026-08-07 23:17:32] INFO: DELETE /api/favorites/6a761a342b5c295104f869f5 401 0.647 ms - - bytes
[2026-08-07 23:17:33] INFO: POST /api/auth/login 200 187.284 ms - - bytes
[2026-08-07 23:17:33] INFO: POST /api/auth/login 200 177.285 ms - - bytes
[2026-08-07 23:17:33] INFO: POST /api/auth/login 200 187.001 ms - - bytes
[2026-08-07 23:17:33] INFO: POST /api/categories 201 7.597 ms - - bytes
[2026-08-07 23:17:33] INFO: POST /api/services 201 13.436 ms - - bytes
[2026-08-07 23:17:33] INFO: POST /api/services 201 33.786 ms - - bytes
[2026-08-07 23:17:33] INFO: PUT /api/services/6a761a351512e2002a7214a7 404 11.043 ms - - bytes
[2026-08-07 23:17:33] INFO: POST /api/reviews 201 30.170 ms - - bytes
[2026-08-07 23:17:33] INFO: POST /api/auth/register 201 211.682 ms - - bytes
[2026-08-07 23:17:33] INFO: PUT /api/reviews/6a761a3570aebb270031a58d 401 1.102 ms - - bytes
[2026-08-07 23:17:33] INFO: POST /api/auth/login 200 198.613 ms - - bytes
[2026-08-07 23:17:33] INFO: POST /api/categories 201 28.169 ms - - bytes
[2026-08-07 23:17:33] INFO: DELETE /api/categories/6a761a35a1b4f8c699ba2cf4 200 10.607 ms - - bytes
[2026-08-07 23:17:33] INFO: GET /api/categories/6a761a35a1b4f8c699ba2cf4 404 4.561 ms - - bytes
[2026-08-07 23:17:33] INFO: POST /api/auth/register 201 192.269 ms - - bytes
[2026-08-07 23:17:33] INFO: POST /api/auth/register 201 188.948 ms - - bytes
[2026-08-07 23:17:33] INFO: POST /api/auth/register 201 212.039 ms - - bytes
[2026-08-07 23:17:33] INFO: POST /api/auth/register 201 198.978 ms - - bytes
[2026-08-07 23:17:33] INFO: POST /api/auth/login 200 184.044 ms - - bytes
[2026-08-07 23:17:33] INFO: POST /api/auth/register 201 190.573 ms - - bytes
[2026-08-07 23:17:33] INFO: POST /api/auth/register 201 196.758 ms - - bytes
[2026-08-07 23:17:33] INFO: POST /api/auth/register 201 185.882 ms - - bytes
[2026-08-07 23:17:33] INFO: POST /api/auth/login 200 181.522 ms - - bytes
[2026-08-07 23:17:33] INFO: POST /api/auth/login 200 174.205 ms - - bytes
[2026-08-07 23:17:33] INFO: POST /api/categories 201 27.161 ms - - bytes
[2026-08-07 23:17:33] INFO: POST /api/auth/login 200 180.257 ms - - bytes
[2026-08-07 23:17:33] INFO: POST /api/services 201 33.392 ms - - bytes
[2026-08-07 23:17:33] INFO: POST /api/favorites 201 34.672 ms - - bytes
[2026-08-07 23:17:33] ERROR: CastError: Cast to ObjectId failed for value "invalid-id" (type string) at path "service" for model "Favorite"
    at SchemaObjectId.cast (D:\Project Sphere\Project-Sphere\backend\node_modules\mongoose\lib\schema\objectId.js:252:11)
    at SchemaObjectId.SchemaType.applySetters (D:\Project Sphere\Project-Sphere\backend\node_modules\mongoose\lib\schemaType.js:1373:12)
    at SchemaObjectId.SchemaType.castForQuery (D:\Project Sphere\Project-Sphere\backend\node_modules\mongoose\lib\schemaType.js:1793:17)
    at cast (D:\Project Sphere\Project-Sphere\backend\node_modules\mongoose\lib\cast.js:386:32)
    at model.Query.Query.cast (D:\Project Sphere\Project-Sphere\backend\node_modules\mongoose\lib\query.js:5228:12)
    at model.Query.Query._castConditions (D:\Project Sphere\Project-Sphere\backend\node_modules\mongoose\lib\query.js:2411:10)
    at model.Query._findOneAndDelete (D:\Project Sphere\Project-Sphere\backend\node_modules\mongoose\lib\query.js:3702:8)
    at maybeTracedQueryExec (D:\Project Sphere\Project-Sphere\backend\node_modules\mongoose\lib\query.js:4801:83)
    at processTicksAndRejections (node:internal/process/task_queues:95:5)
    at removeFavorite (D:\Project Sphere\Project-Sphere\backend\controllers\favoriteController.js:79:22)
[2026-08-07 23:17:33] INFO: DELETE /api/favorites/invalid-id 400 6.060 ms - - bytes
[2026-08-07 23:17:33] INFO: POST /api/auth/login 200 185.795 ms - - bytes
[2026-08-07 23:17:34] INFO: POST /api/auth/login 200 182.778 ms - - bytes
[2026-08-07 23:17:34] INFO: POST /api/auth/login 200 186.978 ms - - bytes
[2026-08-07 23:17:34] INFO: POST /api/categories 201 8.034 ms - - bytes
[2026-08-07 23:17:34] INFO: POST /api/services 201 15.571 ms - - bytes
[2026-08-07 23:17:34] INFO: POST /api/services 201 33.495 ms - - bytes
[2026-08-07 23:17:34] ERROR: CastError: Cast to ObjectId failed for value "invalid-id" (type string) at path "_id" for model "Service"
    at SchemaObjectId.cast (D:\Project Sphere\Project-Sphere\backend\node_modules\mongoose\lib\schema\objectId.js:252:11)
    at SchemaObjectId.SchemaType.applySetters (D:\Project Sphere\Project-Sphere\backend\node_modules\mongoose\lib\schemaType.js:1373:12)
    at SchemaObjectId.SchemaType.castForQuery (D:\Project Sphere\Project-Sphere\backend\node_modules\mongoose\lib\schemaType.js:1793:17)
    at cast (D:\Project Sphere\Project-Sphere\backend\node_modules\mongoose\lib\cast.js:386:32)
    at model.Query.Query.cast (D:\Project Sphere\Project-Sphere\backend\node_modules\mongoose\lib\query.js:5228:12)
    at model.Query.Query._castConditions (D:\Project Sphere\Project-Sphere\backend\node_modules\mongoose\lib\query.js:2411:10)
    at model.Query._findOneAndUpdate (D:\Project Sphere\Project-Sphere\backend\node_modules\mongoose\lib\query.js:3557:8)
    at maybeTracedQueryExec (D:\Project Sphere\Project-Sphere\backend\node_modules\mongoose\lib\query.js:4801:83)
    at processTicksAndRejections (node:internal/process/task_queues:95:5)
    at updateService (D:\Project Sphere\Project-Sphere\backend\controllers\serviceController.js:134:21)
[2026-08-07 23:17:34] INFO: PUT /api/services/invalid-id 400 10.063 ms - - bytes
[2026-08-07 23:17:34] INFO: POST /api/reviews 201 26.252 ms - - bytes
[2026-08-07 23:17:34] INFO: POST /api/auth/login 200 186.191 ms - - bytes
[2026-08-07 23:17:34] INFO: POST /api/categories 201 29.006 ms - - bytes
[2026-08-07 23:17:34] INFO: DELETE /api/categories/6a761a36a1b4f8c699ba2cf7 403 2.437 ms - - bytes
[2026-08-07 23:17:34] INFO: POST /api/auth/register 201 190.653 ms - - bytes
[2026-08-07 23:17:34] INFO: POST /api/auth/register 201 209.610 ms - - bytes
[2026-08-07 23:17:34] INFO: POST /api/auth/register 201 212.275 ms - - bytes
[2026-08-07 23:17:34] INFO: POST /api/auth/login 200 183.436 ms - - bytes
[2026-08-07 23:17:34] INFO: PUT /api/reviews/6a761a3670aebb270031a592 403 7.443 ms - - bytes
[2026-08-07 23:17:34] INFO: POST /api/auth/register 201 187.133 ms - - bytes
[2026-08-07 23:17:34] INFO: POST /api/auth/register 201 176.077 ms - - bytes
[2026-08-07 23:17:34] INFO: POST /api/auth/login 200 178.202 ms - - bytes
[2026-08-07 23:17:34] INFO: POST /api/auth/register 201 186.144 ms - - bytes
[2026-08-07 23:17:34] INFO: POST /api/auth/login 200 182.597 ms - - bytes
[2026-08-07 23:17:34] INFO: POST /api/auth/login 200 186.466 ms - - bytes
[2026-08-07 23:17:34] INFO: POST /api/auth/register 201 192.594 ms - - bytes
[2026-08-07 23:17:34] INFO: POST /api/services 201 30.092 ms - - bytes
[2026-08-07 23:17:35] INFO: POST /api/auth/login 200 182.472 ms - - bytes
[2026-08-07 23:17:35] INFO: DELETE /api/services/6a761a361512e2002a7214af 200 7.572 ms - - bytes
[2026-08-07 23:17:35] INFO: GET /api/services/6a761a361512e2002a7214af 404 3.661 ms - - bytes
[2026-08-07 23:17:35] INFO: POST /api/categories 201 25.492 ms - - bytes
[2026-08-07 23:17:35] INFO: DELETE /api/categories/6a761a37a1b4f8c699ba2cfa 401 0.614 ms - - bytes
[2026-08-07 23:17:35] INFO: POST /api/auth/login 200 174.513 ms - - bytes
[2026-08-07 23:17:35] INFO: POST /api/auth/register 201 210.642 ms - - bytes
[2026-08-07 23:17:35] INFO: POST /api/auth/register 201 200.702 ms - - bytes
[2026-08-07 23:17:35] INFO: POST /api/auth/login 200 181.740 ms - - bytes
[2026-08-07 23:17:35] INFO: POST /api/categories 201 6.795 ms - - bytes
[2026-08-07 23:17:35] INFO: POST /api/services 201 10.572 ms - - bytes
[2026-08-07 23:17:35] INFO: PUT /api/reviews/6a761a3770aebb270031a598 404 4.971 ms - - bytes
[2026-08-07 23:17:35] INFO: POST /api/auth/register 201 182.515 ms - - bytes
[2026-08-07 23:17:35] INFO: POST /api/auth/register 201 187.081 ms - - bytes
[2026-08-07 23:17:35] INFO: POST /api/auth/register 201 198.779 ms - - bytes
[2026-08-07 23:17:35] INFO: POST /api/auth/login 200 209.650 ms - - bytes
[2026-08-07 23:17:35] INFO: POST /api/auth/login 200 201.568 ms - - bytes
[2026-08-07 23:17:35] INFO: POST /api/auth/register 201 183.756 ms - - bytes
[2026-08-07 23:17:35] INFO: POST /api/auth/login 200 187.471 ms - - bytes
[2026-08-07 23:17:35] INFO: POST /api/auth/login 200 177.798 ms - - bytes
[2026-08-07 23:17:35] INFO: POST /api/categories 201 28.037 ms - - bytes
[2026-08-07 23:17:35] INFO: DELETE /api/categories/6a761a37a1b4f8c699ba2cfe 404 5.673 ms - - bytes
[2026-08-07 23:17:35] INFO: POST /api/services 201 29.413 ms - - bytes
[2026-08-07 23:17:35] INFO: DELETE /api/services/6a761a371512e2002a7214b3 403 3.767 ms - - bytes
[2026-08-07 23:17:36] INFO: POST /api/auth/login 200 185.769 ms - - bytes
[2026-08-07 23:17:36] INFO: POST /api/auth/register 201 210.835 ms - - bytes
[2026-08-07 23:17:36] INFO: POST /api/auth/register 201 216.851 ms - - bytes
[2026-08-07 23:17:36] INFO: POST /api/auth/login 200 186.498 ms - - bytes
[2026-08-07 23:17:36] INFO: POST /api/categories 201 7.406 ms - - bytes
[2026-08-07 23:17:36] INFO: POST /api/services 201 10.495 ms - - bytes
[2026-08-07 23:17:36] ERROR: CastError: Cast to ObjectId failed for value "invalid-id" (type string) at path "_id" for model "Review"
    at SchemaObjectId.cast (D:\Project Sphere\Project-Sphere\backend\node_modules\mongoose\lib\schema\objectId.js:252:11)
    at SchemaObjectId.SchemaType.applySetters (D:\Project Sphere\Project-Sphere\backend\node_modules\mongoose\lib\schemaType.js:1373:12)
    at SchemaObjectId.SchemaType.castForQuery (D:\Project Sphere\Project-Sphere\backend\node_modules\mongoose\lib\schemaType.js:1793:17)
    at cast (D:\Project Sphere\Project-Sphere\backend\node_modules\mongoose\lib\cast.js:386:32)
    at model.Query.Query.cast (D:\Project Sphere\Project-Sphere\backend\node_modules\mongoose\lib\query.js:5228:12)
    at model.Query.Query._castConditions (D:\Project Sphere\Project-Sphere\backend\node_modules\mongoose\lib\query.js:2411:10)
    at model.Query._findOne (D:\Project Sphere\Project-Sphere\backend\node_modules\mongoose\lib\query.js:2758:8)
    at maybeTracedQueryExec (D:\Project Sphere\Project-Sphere\backend\node_modules\mongoose\lib\query.js:4801:83)
    at processTicksAndRejections (node:internal/process/task_queues:95:5)
    at updateReview (D:\Project Sphere\Project-Sphere\backend\controllers\reviewController.js:76:20)
[2026-08-07 23:17:36] INFO: PUT /api/reviews/invalid-id 400 5.648 ms - - bytes
[2026-08-07 23:17:36] INFO: POST /api/auth/register 201 180.470 ms - - bytes
[2026-08-07 23:17:36] INFO: POST /api/auth/register 201 180.816 ms - - bytes
[2026-08-07 23:17:36] INFO: POST /api/auth/register 201 179.462 ms - - bytes
[2026-08-07 23:17:36] INFO: POST /api/auth/login 200 175.570 ms - - bytes
[2026-08-07 23:17:36] INFO: POST /api/auth/login 200 179.293 ms - - bytes
[2026-08-07 23:17:36] INFO: POST /api/auth/register 201 181.231 ms - - bytes
[2026-08-07 23:17:36] INFO: POST /api/auth/login 200 172.820 ms - - bytes
[2026-08-07 23:17:36] INFO: POST /api/categories 201 25.490 ms - - bytes
[2026-08-07 23:17:36] INFO: POST /api/auth/login 200 178.143 ms - - bytes
[2026-08-07 23:17:36] ERROR: CastError: Cast to ObjectId failed for value "invalid-id" (type string) at path "_id" for model "Category"
    at SchemaObjectId.cast (D:\Project Sphere\Project-Sphere\backend\node_modules\mongoose\lib\schema\objectId.js:252:11)
    at SchemaObjectId.SchemaType.applySetters (D:\Project Sphere\Project-Sphere\backend\node_modules\mongoose\lib\schemaType.js:1373:12)
    at SchemaObjectId.SchemaType.castForQuery (D:\Project Sphere\Project-Sphere\backend\node_modules\mongoose\lib\schemaType.js:1793:17)
    at cast (D:\Project Sphere\Project-Sphere\backend\node_modules\mongoose\lib\cast.js:386:32)
    at model.Query.Query.cast (D:\Project Sphere\Project-Sphere\backend\node_modules\mongoose\lib\query.js:5228:12)
    at model.Query.Query._castConditions (D:\Project Sphere\Project-Sphere\backend\node_modules\mongoose\lib\query.js:2411:10)
    at model.Query._findOneAndDelete (D:\Project Sphere\Project-Sphere\backend\node_modules\mongoose\lib\query.js:3702:8)
    at maybeTracedQueryExec (D:\Project Sphere\Project-Sphere\backend\node_modules\mongoose\lib\query.js:4801:83)
    at processTicksAndRejections (node:internal/process/task_queues:95:5)
    at deleteCategory (D:\Project Sphere\Project-Sphere\backend\controllers\categoryController.js:111:7)
[2026-08-07 23:17:36] INFO: DELETE /api/categories/invalid-id 400 4.370 ms - - bytes
[2026-08-07 23:17:36] INFO: POST /api/services 201 30.457 ms - - bytes
[2026-08-07 23:17:36] INFO: DELETE /api/services/6a761a381512e2002a7214b7 401 0.627 ms - - bytes
[2026-08-07 23:17:36] INFO: POST /api/auth/login 200 181.672 ms - - bytes
[2026-08-07 23:17:37] INFO: POST /api/auth/login 200 198.309 ms - - bytes
[2026-08-07 23:17:37] INFO: POST /api/categories 201 5.876 ms - - bytes
[2026-08-07 23:17:37] INFO: POST /api/auth/register 201 219.531 ms - - bytes
[2026-08-07 23:17:37] INFO: POST /api/services 201 11.584 ms - - bytes
[2026-08-07 23:17:37] INFO: POST /api/reviews 201 25.948 ms - - bytes
[2026-08-07 23:17:37] ERROR: ValidationError: Review validation failed: rating: Path `rating` (10) is more than maximum allowed value (5).
    at model.validate (D:\Project Sphere\Project-Sphere\backend\node_modules\mongoose\lib\document.js:2864:36)
    at processTicksAndRejections (node:internal/process/task_queues:95:5)
    at model.$__save (D:\Project Sphere\Project-Sphere\backend\node_modules\mongoose\lib\model.js:398:7)
    at maybeTracedSave (D:\Project Sphere\Project-Sphere\backend\node_modules\mongoose\lib\model.js:674:7)
    at updateReview (D:\Project Sphere\Project-Sphere\backend\controllers\reviewController.js:95:5)
[2026-08-07 23:17:37] INFO: PUT /api/reviews/6a761a3970aebb270031a5a1 400 9.265 ms - - bytes
[2026-08-07 23:17:37] INFO: POST /api/auth/register 201 197.460 ms - - bytes
[2026-08-07 23:17:37] INFO: POST /api/auth/register 201 197.450 ms - - bytes
[2026-08-07 23:17:37] INFO: POST /api/auth/login 200 182.782 ms - - bytes
[2026-08-07 23:17:37] INFO: POST /api/auth/register 201 183.002 ms - - bytes
[2026-08-07 23:17:37] INFO: POST /api/auth/login 200 179.026 ms - - bytes
[2026-08-07 23:17:37] INFO: POST /api/services 201 27.845 ms - - bytes
[2026-08-07 23:17:37] INFO: DELETE /api/services/6a761a391512e2002a7214bc 404 4.880 ms - - bytes
[2026-08-07 23:17:37] INFO: POST /api/auth/login 200 189.647 ms - - bytes
[2026-08-07 23:17:37] INFO: POST /api/auth/login 200 197.278 ms - - bytes
[2026-08-07 23:17:38] INFO: POST /api/auth/register 201 203.041 ms - - bytes
[2026-08-07 23:17:38] INFO: POST /api/categories 201 8.564 ms - - bytes
[2026-08-07 23:17:38] INFO: POST /api/services 201 9.424 ms - - bytes
[2026-08-07 23:17:38] INFO: POST /api/reviews 201 20.072 ms - - bytes
[2026-08-07 23:17:38] INFO: DELETE /api/reviews/6a761a3a70aebb270031a5a6 200 16.911 ms - - bytes
[2026-08-07 23:17:38] INFO: POST /api/auth/register 201 192.702 ms - - bytes
[2026-08-07 23:17:38] INFO: POST /api/auth/register 201 193.022 ms - - bytes
[2026-08-07 23:17:38] INFO: POST /api/auth/login 200 186.501 ms - - bytes
[2026-08-07 23:17:38] INFO: POST /api/auth/register 201 189.558 ms - - bytes
[2026-08-07 23:17:38] INFO: POST /api/auth/login 200 195.322 ms - - bytes
[2026-08-07 23:17:38] INFO: POST /api/services 201 32.264 ms - - bytes
[2026-08-07 23:17:38] ERROR: CastError: Cast to ObjectId failed for value "invalid-id" (type string) at path "_id" for model "Service"
    at SchemaObjectId.cast (D:\Project Sphere\Project-Sphere\backend\node_modules\mongoose\lib\schema\objectId.js:252:11)
    at SchemaObjectId.SchemaType.applySetters (D:\Project Sphere\Project-Sphere\backend\node_modules\mongoose\lib\schemaType.js:1373:12)
    at SchemaObjectId.SchemaType.castForQuery (D:\Project Sphere\Project-Sphere\backend\node_modules\mongoose\lib\schemaType.js:1793:17)
    at cast (D:\Project Sphere\Project-Sphere\backend\node_modules\mongoose\lib\cast.js:386:32)
    at model.Query.Query.cast (D:\Project Sphere\Project-Sphere\backend\node_modules\mongoose\lib\query.js:5228:12)
    at model.Query.Query._castConditions (D:\Project Sphere\Project-Sphere\backend\node_modules\mongoose\lib\query.js:2411:10)
    at model.Query._findOneAndDelete (D:\Project Sphere\Project-Sphere\backend\node_modules\mongoose\lib\query.js:3702:8)
    at maybeTracedQueryExec (D:\Project Sphere\Project-Sphere\backend\node_modules\mongoose\lib\query.js:4801:83)
    at processTicksAndRejections (node:internal/process/task_queues:95:5)
    at deleteService (D:\Project Sphere\Project-Sphere\backend\controllers\serviceController.js:151:21)
[2026-08-07 23:17:38] INFO: DELETE /api/services/invalid-id 400 5.896 ms - - bytes
[2026-08-07 23:17:38] INFO: POST /api/auth/login 200 185.713 ms - - bytes
[2026-08-07 23:17:38] INFO: POST /api/auth/login 200 186.039 ms - - bytes
[2026-08-07 23:17:38] INFO: POST /api/categories 201 7.307 ms - - bytes
[2026-08-07 23:17:38] INFO: POST /api/services 201 15.817 ms - - bytes
[2026-08-07 23:17:39] INFO: POST /api/reviews 201 31.169 ms - - bytes
[2026-08-07 23:17:39] INFO: DELETE /api/reviews/6a761a3a70aebb270031a5ab 200 22.461 ms - - bytes
[2026-08-07 23:17:39] INFO: POST /api/auth/register 201 197.858 ms - - bytes
[2026-08-07 23:17:39] INFO: POST /api/auth/register 201 191.231 ms - - bytes
[2026-08-07 23:17:39] INFO: POST /api/auth/login 200 188.672 ms - - bytes
[2026-08-07 23:17:39] INFO: POST /api/auth/login 200 188.255 ms - - bytes
[2026-08-07 23:17:39] INFO: POST /api/categories 201 8.107 ms - - bytes
[2026-08-07 23:17:39] INFO: POST /api/services 201 9.890 ms - - bytes
[2026-08-07 23:17:39] INFO: POST /api/reviews 201 18.363 ms - - bytes
[2026-08-07 23:17:39] INFO: DELETE /api/reviews/6a761a3b70aebb270031a5b0 401 0.492 ms - - bytes
[2026-08-07 23:17:40] INFO: POST /api/auth/register 201 189.346 ms - - bytes
[2026-08-07 23:17:40] INFO: POST /api/auth/register 201 190.052 ms - - bytes
[2026-08-07 23:17:40] INFO: POST /api/auth/login 200 191.819 ms - - bytes
[2026-08-07 23:17:40] INFO: POST /api/auth/login 200 188.089 ms - - bytes
[2026-08-07 23:17:40] INFO: POST /api/categories 201 6.044 ms - - bytes
[2026-08-07 23:17:40] INFO: POST /api/services 201 10.786 ms - - bytes
[2026-08-07 23:17:40] INFO: POST /api/reviews 201 20.235 ms - - bytes
[2026-08-07 23:17:41] INFO: POST /api/auth/register 201 192.209 ms - - bytes
[2026-08-07 23:17:41] INFO: POST /api/auth/login 200 188.592 ms - - bytes
[2026-08-07 23:17:41] INFO: DELETE /api/reviews/6a761a3c70aebb270031a5b5 403 7.150 ms - - bytes
[2026-08-07 23:17:41] INFO: POST /api/auth/register 201 189.126 ms - - bytes
[2026-08-07 23:17:41] INFO: POST /api/auth/register 201 188.288 ms - - bytes
[2026-08-07 23:17:41] INFO: POST /api/auth/login 200 187.430 ms - - bytes
[2026-08-07 23:17:42] INFO: POST /api/auth/login 200 190.264 ms - - bytes
[2026-08-07 23:17:42] INFO: POST /api/categories 201 5.723 ms - - bytes
[2026-08-07 23:17:42] INFO: POST /api/services 201 10.525 ms - - bytes
[2026-08-07 23:17:42] INFO: DELETE /api/reviews/6a761a3e70aebb270031a5bb 404 7.660 ms - - bytes
[2026-08-07 23:17:42] INFO: POST /api/auth/register 201 201.119 ms - - bytes
[2026-08-07 23:17:42] INFO: POST /api/auth/register 201 186.604 ms - - bytes
[2026-08-07 23:17:42] INFO: POST /api/auth/login 200 189.498 ms - - bytes
[2026-08-07 23:17:42] INFO: POST /api/auth/login 200 187.897 ms - - bytes
[2026-08-07 23:17:42] INFO: POST /api/categories 201 5.316 ms - - bytes
[2026-08-07 23:17:43] INFO: POST /api/services 201 12.287 ms - - bytes
[2026-08-07 23:17:43] ERROR: CastError: Cast to ObjectId failed for value "invalid-id" (type string) at path "_id" for model "Review"
    at SchemaObjectId.cast (D:\Project Sphere\Project-Sphere\backend\node_modules\mongoose\lib\schema\objectId.js:252:11)
    at SchemaObjectId.SchemaType.applySetters (D:\Project Sphere\Project-Sphere\backend\node_modules\mongoose\lib\schemaType.js:1373:12)
    at SchemaObjectId.SchemaType.castForQuery (D:\Project Sphere\Project-Sphere\backend\node_modules\mongoose\lib\schemaType.js:1793:17)
    at cast (D:\Project Sphere\Project-Sphere\backend\node_modules\mongoose\lib\cast.js:386:32)
    at model.Query.Query.cast (D:\Project Sphere\Project-Sphere\backend\node_modules\mongoose\lib\query.js:5228:12)
    at model.Query.Query._castConditions (D:\Project Sphere\Project-Sphere\backend\node_modules\mongoose\lib\query.js:2411:10)
    at model.Query._findOne (D:\Project Sphere\Project-Sphere\backend\node_modules\mongoose\lib\query.js:2758:8)
    at maybeTracedQueryExec (D:\Project Sphere\Project-Sphere\backend\node_modules\mongoose\lib\query.js:4801:83)
    at processTicksAndRejections (node:internal/process/task_queues:95:5)
    at deleteReview (D:\Project Sphere\Project-Sphere\backend\controllers\reviewController.js:111:20)
[2026-08-07 23:17:43] INFO: DELETE /api/reviews/invalid-id 400 5.093 ms - - bytes
